,Language,Framework,Database,OS,Platform,Others
1,sql,,,,,"vmware,consulting,options,communication,information technology,windows server,ip,servers,computer science,technical support,san,networking,switches,virtualization,operating systems,sql server,storage"
2,,,,,,"business analysis,windows azure,agile methodologies,project management"
3,"javascript,c++,python,java,php",,,,"kubernetes,docker","research,solution architecture,communication,database design,devops,strategy,leadership,salesforce.com,angular,data architecture,enterprise architecture"
4,"java,sql",,,,,"apis,security,soap,communication,activemq,computer science,web services,mulesoft"
5,"javascript,c,rust,c++,python",vue.js,redis,,"linux,google cloud platform,docker","apis,nginx,rest,css,html,git"
6,"ruby,php,javascript,sql,python",,mysql,,"linux,docker,kubernetes","cd,maven,application development,release management,safe,testing,powershell,jenkins,cicd,management,amazon web services,scrum,automation,communication,ci,devops,test automation,selenium,git,computer science,scripting,ant,ansible"
7,,,,,,"salesforce sales cloud,salesforce service cloud,salesforce lightning"
8,"java,scala,python",,,,,
9,"java,c++,go,scala,c#,python",,,,,"apis,.net core,.net,nosql"
10,,,,,,"analysis,manufacturing"
11,,,,,linux,"juniper,vmware,security,consulting,analysis,telecommunications,research,rf,monitoring,servers,computer science,routers,networking,vlan,comsec"
12,c#,,microsoft sql server,,docker,"integration,consulting,monitoring,system design,management,.net,computer science,devops,enterprise software,automation"
13,"javascript,sql,php","laravel,vue.js",,,,"apis,amazon web services,web applications,troubleshooting,rest,pci,css,html"
14,,,,,,"user experience,wireframes,research,usability,experience design,invision,sketch,user interface"
15,,,,,,"citrix,active directory,powershell,unix"
16,"java,javascript",spring,postgresql,,,"web services,web development,open source,jenkins,analysis,amazon web services,automation,communication,databases,test automation,selenium,user interface,git,cucumber,research,computer science,json,teamwork"
17,,asp.net,,,,"node.js,analysis,research,tfs,communication,.net,amazon web services,asp.net mvc,computer science,mvc,angular,angularjs,scrum"
18,"javascript,java",,,,,"amazon web services,angular,angularjs,node.js"
19,"javascript,ruby,erlang,c#,python,java,php,elixir",,,,,".net,unit testing,rest,functional programming,angular,design patterns,testing,data structures"
20,"javascript,java,sql",react.js,,,,"apis,process improvement,web services,css,node.js,management,.net,amazon web services,mvc,html,databases,leadership,operating systems,angular,design patterns,visual studio"
21,"c,c#",,,,,".net,windows azure"
22,"javascript,ruby,java,php",,,,,"eclipse,angular,angularjs"
23,"r,sql",,,,google cloud platform,"power bi,oracle cloud,tableau,amazon web services,windows azure"
24,sql,,,,linux,"security,change management,communication,management,technical support,electronics,security+,sscp,scripting,testing,gsec,powershell"
25,"java,sql,scala",,"mongodb,postgresql",,,"apache spark,natural language processing,data science,software architecture,gradient boosted machines,nosql,drools,artificial intelligence"
26,"java,sql,scala",,"mongodb,postgresql",,,"apache spark,natural language processing,data science,software architecture,gradient boosted machines,nosql,drools,artificial intelligence"
27,"java,sql,scala",,"mongodb,postgresql",,,"apache spark,natural language processing,data science,software architecture,gradient boosted machines,nosql,drools,artificial intelligence"
28,"java,sql,scala",,"mongodb,postgresql",,,"apache spark,natural language processing,data science,software architecture,gradient boosted machines,nosql,drools,artificial intelligence"
29,c#,asp.net,,,,".net,asp.net mvc"
30,java,,cassandra,,"kubernetes,docker","epic,eclipse,power bi,amazon web services,rest,splunk,compliance,scrum,json"
31,"java,scala,python",,,,,"cd,apache spark,machine learning,ci,amazon web services,cloud computing,bamboo,cicd,jenkins"
32,"javascript,java,sql",spring,oracle,,,"apis,maven,web services,mulesoft,testing,weblogic,microservices,uml,analysis,soap,hl7,unit testing,continuous integration,apache,soa,eclipse,sdlc,databases,j2ee,leadership,rest,tomcat,epic,design patterns,ant,apigee"
33,,,,,,"user experience,data analysis,usability testing,user interface,information architecture,product development"
34,"javascript,sql,ruby,c++,c#,python,java,php",,,,,"jira,eclipse,perl,manual testing,test automation,selenium,functional testing,appium"
35,"c,objective-c,javascript,swift","react.js,jquery",,windows,"ios,android","xcode,node.js,xamarin,html5,scrum,security,communication,ajax,leadership,debugging,arkit,epic,sdk,information technology,computer science"
36,"java,sql,scala,python",,mongodb,,google cloud platform,"apache spark,hadoop,sqoop,big data,nosql,kafka"
37,c++,,,,,"signal processing,integration,wireless,fpga,debugging"
38,"java,ruby,go,python",,,,"kubernetes,linux,docker","salt,bash,chef,cloud computing,ansible,puppet"
39,java,,mongodb,,,"node.js,css,html,microservices,git,jenkins"
40,"c++,c,python",,,,linux,"integration,embedded linux,embedded software,embedded systems"
41,"java,python",,,,,"application development,software architecture,leadership,start-ups"
42,java,"spring,jquery",,,,"security,information security,monitoring,communication,ip,j2ee,struts,compliance,angular,nessus,threat modeling,dast,sast"
43,,,,,,cybersecurity
44,,,,,,"system architecture,network architecture"
45,,,,,,systems engineering
46,"java,c++,python",,,,,"application development,monitoring,management,appdynamics,technical support,devops,trading,ansible,splunk,itil,automation"
47,sql,,,,,"user experience,visual design,requirements analysis,user interface design,experience design,testing,business requirements,requirements gathering,analysis,business strategy,analytics,power bi,qlikview,communication,strategy,data visualization,user interface,team building,research,business intelligence,computer science,project planning,tableau,business process"
48,python,,,,,"statistical modeling,analysis,management,project management,analytics,data analysis,communication,databases,leadership,data visualization,ip,monitoring,ip,business intelligence,computer science,tcp,scripting,tableau"
49,,,,,,"devops,security,optimization,monitoring,management,.net,firewalls,leadership,project management,networking,troubleshooting,agile methodologies,powershell,automation"
50,,,,,,"amazon web services,devops"
51,"javascript,java,sql","jquery,spring",,,linux,"trading,css,angularjs,testing,jenkins,karma,agile methodologies,html,analytics,security,communication,encryption,junit,git,graphql,computer science,bamboo,json"
52,"java,sql,c#",,mysql,,,devops
53,python,,"cassandra,mongodb,oracle,postgresql,mysql",,"kubernetes,docker","nosql,testing,shell scripting,business analysis,management,tdm,automation,splunk,perl,monitoring,scripting,virtualization"
54,"ruby,javascript",ruby on rails,,,,"wireframes,user experience,angularjs,open source,xml,html5,soa,strategy,leadership,research,optimization,digital design,computer science,mobile applications,angular,json"
55,java,spring,,,,"apis,gradle,springboot,junit"
56,,,,,,"devops,monitoring,bash,management,servers,sap,b2b,trading,finance"
57,java,,,,,
58,"sql,java,sql",,oracle,,"linux,docker","maven,testing,weblogic,analysis,pl,nfv,system design,management,routers,networking,sdn,kafka,communication,devops,rest,snmp,data structures,git,perl,ip,bash,computer science,switches,scripting,openstack,ant"
59,"sql,java",spring,"cassandra,mongodb,oracle",,,"apis,jms,bss,statistics,safe,big data,web services,testing,sip,sql server,weblogic,iot,analysis,hibernate,management,jdbc,networking,voip,agile methodologies,apache,analytics,communication,devops,databases,j2ee,ajax,data visualization,debugging,jsf,optimization,business intelligence,jsp,project planning,ant,business process"
60,"python,r",,,,,"natural language processing,data mining,statistics,product management,big data,data warehousing,iot,analysis,management,agile methodologies,kafka,mathematics,analytics,security,data science,communication,hadoop,sas,devops,leadership,data visualization,machine learning,business intelligence,solr,computer science,b2b,tableau"
61,"javascript,java","jquery,spring","cassandra,oracle",,"ios,linux,android","firmware,jms,integration,maven,troubleshooting,performance testing,nosql,testing,jira,jenkins,react native,apache spark,analysis,algorithms,management,html5,kafka,embedded systems,rabbitmq,automation,apache,soa,wireless,devops,databases,j2ee,rest,operating systems,git,ethernet,monitoring,ip,information technology,computer hardware,solr,computer science,angular,business process,apigee"
62,"r,sql,python",,,,linux,"statistics,economics,big data,statistical modeling,analysis,management,deep learning,data analysis,data science,hadoop,communication,databases,machine learning,problem solving,computer science"
63,c#,,,windows,,"integration,technical support,team foundation server,system deployment,sccm,powershell,devops,analysis,windows server,.net,management,networking,continuous integration,automation,security,git,pki,scripting,ansible"
64,,,,,,"sap pp,sap mm"
65,,,,,,sap sd
66,c#,,,,,"node.js,optimization,oculus,amazon web services,augmented reality,unity3d,virtual reality"
67,,,,,,"business analysis,waterfall,scrum,product management,agile methodologies,saas,market research"
68,javascript,jquery,,,ios,"databases,mobile applications,mobile design,mobile application development"
69,,,,,,"cd,information security,security,ci,cism,agile methodologies,encryption,cloud computing,cicd,account management,cissp"
70,,,,,,"cisa,security,csm,cism,agile methodologies,pmp,program management,cissp"
71,python,,,,,"terraform,troubleshooting,big data,enterprise architecture,requirements gathering,business analysis,vmware,analysis,xml,system design,amazon web services,kafka,automation,analytics,security,data analysis,communication,rest,splunk,solution architecture,chef,clustering,ansible,puppet"
72,"python,sql",,,windows,,"unity,application development,troubleshooting,computer architecture,sql server,powershell,jenkins,storage,windows server,management,software architecture,windows azure,itil,automation,analytics,devops,pci,monitoring,chef,scripting,nist,json,visio,puppet"
73,,,,,,"product management,product development"
74,javascript,,,,,apis
75,sql,,,,,"analysis,hadoop,databases,finance"
76,"c,python,c++",,,windows,linux,"product management,testing,shell scripting,unix,management,physics,communication,mechanical engineering,test automation,quality assurance,computer science,scripting,unix shell scripting,r&d"
77,java,"jquery,spring","oracle,mysql",,,"integration,maven,bootstrap,troubleshooting,lan,nosql,css,gherkin,open source,jenkins,storage,analysis,hibernate,xml,management,it management,agile methodologies,html,continuous integration,automation,security,test driven development,data modeling,devops,databases,j2ee,rest,selenium,debugging,spring mvc,cucumber,information technology,angular,json,ansible"
78,python,,,,,"wireshark,forensics"
79,"java,c++,kotlin,c",,,,android,
80,,,,windows,linux,"integration,requirements analysis,troubleshooting,weblogic,sso,analysis,management,identity management,it management,scrum,security,communication,leadership,debugging,sharepoint,research,solaris,problem solving,servers,f5 load balancer"
81,,,,,kubernetes,"cloud computing,amazon web services,prometheus"
82,"javascript,java,sql",,,,,"apis,process improvement,black box testing,web services,testing,angularjs,qa engineering,test cases,management,automation,test automation,rest,selenium,protractor,debugging,quality assurance,cucumber,regression testing,research,defect tracking"
83,,,,,,"integration,consulting,pricing,business requirements,data warehousing,management,amazon web services,product management,saas,automation,communication,sas,strategy,product marketing,strategic planning,research,optimization,information technology,problem solving,marketing"
84,,,,,,"security,communication,management,amazon web services,problem solving,product management,strategy,networking,leadership,program management"
85,,,,,,robotic process automation
86,,,,,,"security,information security,application development,analysis,communication,computer science,cloud computing,web services,threat modeling,sans,testing,amazon web services,cissp"
87,"ruby,c,c++,python,java",,,,,"integration,consulting,process improvement,incident response,safe,security compliance,powershell,management,amazon web services,compliance,automation,security,information security,communication,network security,leadership,vulnerability,threat modeling,cryptography,computer science"
88,python,,,,"ios,linux","integration,perl,bash,systems engineering,kafka,shell scripting"
89,"sql,javascript,java",spring,,,,"object oriented programming,hibernate,j2ee"
90,,,,,,"active directory,security,saas,network administration,wireless,monitoring,routers,firewalls,networking,data center,switches,web services,amazon web services,windows azure,sso"
91,,,,,,"active directory,security,saas,monitoring,wireless,confluence,routers,firewalls,networking,data center,switches,web services,bamboo,jira,amazon web services,windows azure,sso"
92,"c++,c",,,,linux,"regression testing,integration,analysis,ip,computer science,multithreading,unit testing,tcp,trading,scripting,testing,continuous integration,ip,trading systems"
93,"javascript,c#",,,,,"analysis,management,.net,strategy,css,pmo,program management,html,business process,sharepoint,strategic planning"
94,"typescript,javascript,ruby",ruby on rails,,,,"angular,angularjs"
95,,,,,,"tibco,mulesoft,integration,business process,soa"
96,,,oracle,,,"solaris,switches,management,flash,data center,storage"
97,,,oracle,,,"solaris,switches,management,flash,data center,storage"
98,,,,,,"communication,technical support,troubleshooting,system administration,voip,sip"
99,,,,,,"integration,communication,leadership,.net,sharepoint"
100,java,,,,,"integration,communication,strategy,j2ee,leadership,it strategy,testing,agile methodologies,enterprise architecture,scrum,business process,disaster recovery,automation"
101,java,,,,,"kafka,springboot"
102,,,,windows,,"network administration,wan,technical support,troubleshooting,dns,windows server,management,microsoft office,routers,leadership,active directory,security,communication,encryption,firewalls,servers,system administration,switches,lan,avaya"
103,,,,,,"project management,sharepoint,it management"
104,java,spring,,,,"apis,integration,html5,distributed systems,scripting,rest,angular,guidewire,css,json,business requirements,angularjs,continuous integration"
105,"r,sql,python",,,,,"apache spark,apache pig,machine learning,data science,natural language processing,hadoop,statistical modeling,data modeling,apache hive,shell scripting"
106,sql,,oracle,,,"pl,trading,trading systems"
107,scala,,,,google cloud platform,"apache spark,hadoop,kibana,apache airflow,big data,tableau,amazon web services,windows azure"
108,,jquery,,,,".net,html5,css,jira,web development,visual studio,scrum,windows azure,agile methodologies,microsoft dynamics 365"
109,,jquery,,,,".net,html5,angular,css,sql server,jira,web development,scrum,windows azure,agile methodologies,microsoft dynamics 365"
110,"java,ruby,python",,,,linux,"perl,testng,selenium,continuous integration,shell scripting,git,automation"
111,,,,,,"juniper,network administration,wan,routers,firewalls,switches,data center,networking"
112,,,,,,"scrum,ecommerce,b2c,selenium,quality assurance"
113,"typescript,javascript",ruby on rails,postgresql,,,"angular,agile methodologies"
114,,,,,,"sap sd,sap mm,sap"
115,,,,windows,,"vmware,change management,management,ccna,security+,sscp,nist,testing,unix,program management,itil"
116,"sql,javascript",,,,,"css,html,quality assurance"
117,php,,,,"linux,docker","vmware,active directory,shell scripting,amazon web services,ldap,networking,dns,troubleshooting,openstack,storage,red hat,centos,windows azure,git,puppet"
118,"php,c#,sql",asp.net,,,,"integration,.net core,web services,testing,lead generation,sql server,management,amazon web services,saas,delphi,git,computer science,marketing,visual studio,.net"
119,"javascript,java","spring,react.js",,,"kubernetes,docker","object oriented programming,selenium,angular,angularjs,object oriented design"
120,"javascript,sql,java",react.js,,,,"sdlc,amazon web services,test automation,nosql,angularjs,windows azure"
121,java,"spring,jquery",,,,"security,monitoring,communication,ip,management,computer science,j2ee,struts,compliance,angular,nessus,threat modeling,dast,sast"
122,sql,,,,,"information technology,tableau,finance"
123,"ruby,c,c++,python,java",,,,,"cloud computing,algorithms,software architecture,amazon web services,networking,security,communication,leadership,vulnerability,data structures,cryptography,perl,bash,computer science,scripting"
124,java,,,,,"management,amazon web services"
125,,,,,,"integration,pricing,cpq"
126,,,,,,"analysis,visio,sharepoint,communication"
127,,,,,,"routers,ccna,switches,troubleshooting,cisco technologies"
128,"javascript,sql,ruby,scala,java,python,php",,,,,"perl,algorithms,databases,system architecture,css,html,testing,data structures,node.js"
129,sql,react.js,,,"kubernetes,docker","node.js,user experience,algorithms,communication,unix,graphql,distributed systems,devops,rest,microservices,data structures"
130,javascript,react.js,,,,"process improvement,algorithms,communication,jenkins,sumo logic,teamwork,data structures,automation,node.js"
131,,,,,,"analysis,telecommunications,financial analysis,information technology,communication,microsoft office,powerpoint,management,strategic partnerships,account management"
132,"ruby,c++,python",,mysql,windows,"linux,docker","cybersecurity,integration,saltstack,ldap,dns,testing,powershell,jenkins,subversion,vmware,ubuntu,analysis,management,security+,networking,continuous integration,agile methodologies,physics,gcc,automation,active directory,pair programming,authentication,devops,debugging,fedora,clang,git,ip,information technology,bash,computer science,chef,ansible,visual studio,puppet"
133,,,,,,"analysis,application development,testing,management,computer science,strategy,project management,workday,performance tuning,requirements gathering"
134,"java,sql,c++,c#",,,,,"erp,analysis,.net,computer science,peoplesoft,sap,cobol,workday,performance tuning,visual basic"
135,"java,php",react.js,"postgresql,mysql",,linux,"jira,amazon web services,intellij idea,open source,git,jenkins"
136,,,,,,"enterprise architecture,data modeling,communication,big data"
137,"r,sql,python",,,,,"power bi,marketing strategy,tableau,social media"
138,"javascript,java",spring,,,,"communication,j2ee,web services"
139,javascript,asp.net,,,,html
140,,,,,,"routers,switches,cisco technologies,troubleshooting"
141,"c++,sql,python,java",,"oracle,mysql",,linux,"maven,troubleshooting,nosql,testing,jira,open source,jenkins,iot,analysis,unix,management,automation,sdlc,wireless,communication,test automation,rest,tomcat,git,waterfall,data analysis,computer science"
142,"sql,java",spring,"oracle,postgresql",,"docker,kubernetes","maven,jpa,sql server,microservices,jenkins,management,mvc,project management,security,communication,devops,databases,leadership,angular,ansible"
143,"java,sql,c",spring,oracle,,,"analysis,optimization,hibernate,unix,communication,computer science,teradata,statistics,jdbc,scripting,etl"
144,,,,,,"apis,analysis,communication,management,computer science,statistics,rest,json,system architecture"
145,,,,,,"confluence,csm,databases,project management,pmp,web applications,jira,scrum"
146,,,,,,"cisa,information security,security,communication,management,technical support,encryption,databases,authentication,project management,sox,compliance,pci,storage,gsec,operating systems,finance"
147,,,,,,"user experience,security,process improvement,scrum,wireless,analysis,management,communication,computer science,leadership,project management,compliance,vendor management,agile methodologies,automation,analytics"
148,"sql,java",spring,"oracle,mysql",windows,linux,"testing,analysis,soap,unix,system design,tensorflow,analytics,eclipse,communication,databases,rest,postman,operating systems,data structures,monitoring,computer science,scripting,tableau"
149,"sql,sql",,oracle,,linux,"analysis,pl,unix,business intelligence,requirements analysis,cognos,databases,informatica,tableau,testing,jira,etl"
150,,,,,,"apis,analysis,hadoop,test cases,computer science,test case,rest,big data,selenium,angular"
151,"scala,sql,java",,"oracle,postgresql",,,"data mining,big data,testing,data warehousing,sql server,microservices,etl,apache spark,analysis,xml,system design,compliance,apache,analytics,communication,databases,data structures,monitoring,gdpr,problem solving,computer science,teradata,database development,tableau"
152,python,,elasticsearch,,"linux,kubernetes,docker","integration,technical support,troubleshooting,cloudformation,jira,shell scripting,weblogic,microservices,jenkins,ubuntu,unix,management,kibana,continuous integration,centos,disaster recovery,apache,automation,security,confluence,springboot,devops,j2ee,rest,tomcat,ip,middleware,monitoring,solaris,ip,websphere,bash,logstash,tcp,scripting,openstack,ansible,unix shell scripting,datadog,puppet"
153,"javascript,java,sql,sql",spring,oracle,,,"web services,oracle database,weblogic,soap,xml,pl,jdbc,mvc,html,sdlc,ajax,j2ee,struts,rest,information technology,servers,computer science,angular"
154,java,"spring,jquery",,,,"security,monitoring,communication,ip,management,computer science,j2ee,project management,struts,compliance,angular,nessus,threat modeling,dast,sast"
155,"c++,python",,,,,"signal processing,opencv,keras,computer vision,tensorflow,embedded systems"
156,"c++,python",,,,,"regression testing,keras,algorithms,tensorflow,clustering,embedded systems,artificial intelligence"
157,,,,,,"cfr,team management,management"
158,,,,,,"project planning,management"
159,"sql,scala,python",,,,,"data modeling,team leadership,data architecture,etl"
160,,,,,,salesforce.com
161,python,django,"redis,mysql",,"kubernetes,docker",
162,,,,,,"information security,siem,intrusion,monitoring,vulnerability,splunk,nist,cissp"
163,php,,,,,
164,,,,,,robotic process automation
165,"swift,objective-c",,,,,
166,,,,,,"firmware,test cases,automation,user scenarios,electronics,electrical engineering,testing,jira,embedded systems"
167,,,,,,"change management,management,.net,computer science,project management,web applications,agile methodologies,scrum,itil"
168,,react.js,,,,"integration,release management,management,bootstrap,unit testing,leadership,testing,user interface,redux"
169,java,,,,,"consulting,websphere,strategy,agile methodologies"
170,,,,,linux,"ubuntu,websphere,amazon web services,ansible,tomcat,centos,weblogic,jenkins"
171,java,spring,,,,"apis,amazon s3,amazon web services,springboot,amazon ec2,microservices"
172,"java,ruby,python",,,,,"penetration testing,security,information security,research,network security,authentication,tcp,system administration,scripting,web services,threat modeling,testing,ip,automation"
173,,,,,,"static analysis,analysis,network security,computer science,distributed systems,statistics,authentication,leadership,cloud computing,safe,web services,amazon web services,cryptography"
174,,,,,,"digital media,product management"
175,"javascript,python","react.js,vue.js",,,,"amazon web services,angular,angularjs"
176,swift,,,,ios,"software architecture,leadership,rest,mobile design,mobile application development"
177,"javascript,python",django,,,,"html5,d3.js,html"
178,,,microsoft sql server,,,product management
179,"javascript,python","django,react.js,vue.js",,,,"apis,angularjs"
180,sql,,,,,"sdlc,soap,xml,data analysis,json"
181,c#,,microsoft sql server,,,object oriented design
182,"r,python",,,,,"statistical modeling,machine learning,scientific computing,applied mathematics,etl"
183,,,microsoft sql server,,,"sql server,t-sql,database development"
184,sql,,,,,"business analysis,analysis,data analysis,google analytics,microsoft excel,tableau,analytics"
185,,,,,,"program management,paas,saas"
186,,,,,,"business analysis,product management"
187,"swift,objective-c",,,,ios,"optimization,networking,seo,cocoa,open source"
188,c#,,microsoft sql server,,google cloud platform,"amazon web services,angular,object oriented design,windows azure"
189,swift,,,,ios,"sdk,object oriented programming,amazon web services,mvc,mobile applications,object oriented design,jira,mobile application development,git,jenkins"
190,,,,,android,"apis,json,git"
191,sql,,,,,"t-sql,powershell"
192,"java,c#,php",,,,,"penetration testing,.net"
193,swift,,,,ios,"sdk,object oriented programming,amazon web services,mvc,mobile applications,engineering management,object oriented design,jira,mobile application development,git,jenkins"
194,"python,java",,,,,"node.js,apache spark,big data,nosql,kafka"
195,"swift,objective-c",,,,ios,"apis,iot,json,git"
196,"java,scala,python",,,,,"apache spark,hadoop,amazon web services,apache airflow,agile methodologies,open source,scrum,apache flink"
197,"typescript,javascript,python,java",,,,,"cucumber,apis,regression testing,sdlc,smb,qa engineering,computer science,strategy,test automation,test planning,selenium,testing,functional testing,automation"
198,"java,c#,php",,,,,"penetration testing,.net"
199,python,,postgresql,,"kubernetes,google cloud platform,docker","distributed systems,golang,microservices"
200,"javascript,c#,python",,,,,"test automation,delphi"
201,"java,c#,php",,,,,"penetration testing,.net"
202,python,,postgresql,,"kubernetes,google cloud platform,docker","terraform,amazon web services,distributed systems,golang,scripting,microservices"
203,"javascript,java","spring,asp.net,react.js",,,,".net,angular,tomcat,node.js"
204,,,,,,"guidewire,weblogic,agile methodologies,websphere"
205,python,,,,,"amazon web services,apache flink,redshift"
206,,,,,,product management
207,,,,,,"project management,pmp,project planning"
208,"javascript,java","spring,react.js",,,,"springboot,rest,microservices,node.js"
209,sql,,,,,"xml,unix,calypso,unix shell scripting,trading systems"
210,,,,,linux,"communication,electronics,user interface,testing,functional testing"
211,,,,,,"management,training,.net,communication"
212,,,,,,"integration,communication,radar,rf"
213,,,,,,"devops,monitoring,reach"
214,"java,python,php",,,,"kubernetes,linux,docker","lamp,unix shell scripting,unix,amazon web services,servers,ansible,devops,chef,tomcat,shell scripting,jenkins"
215,,,,,linux,"communication,test cases,computer hardware,testing,functional testing"
216,"javascript,python","react.js,jquery",,,linux,"html5,scripting,css,json"
217,javascript,react.js,,,,
218,java,spring,"postgresql,cassandra",,,node.js
219,,,,,,"node.js,application development,communication,bootstrap,strategy,it strategy,leadership,angular,css,testing,enterprise architecture,html,business process,mobile application development,mobile testing"
220,sql,,,windows,,"vmware,network administration,monitoring,windows server,computer hardware,technical support,microsoft office,cloud storage,customer service,networking,cloud computing,troubleshooting,mac,operating systems,mac os x,storage"
221,,,,,wordpress,"digital marketing,monitoring,information technology,management,computer science,html5,marketing,html"
222,,,,,,"communication,servicenow,customer service,leadership,workday,talent management"
223,"java,c++,python,c",,,,docker,"analysis,xml,software architecture,testing"
224,,,,,,"customer service,web applications"
225,,,,,linux,"amazon web services,selenium,appium,automation"
226,"sql,python",,,,kubernetes,"microservices,web services,splunk"
227,,,,,,servicenow
228,,,,windows,"linux,docker","vmware,active directory,amazon web services,ldap,troubleshooting,openstack,red hat,nas,centos"
229,,,,,linux,"perl,unix,bash,technical support,project management,troubleshooting,itil,it operations,powershell"
230,,,microsoft sql server,,,"analysis,teradata,data warehousing,unix shell scripting,etl"
231,"java,c++",,,,,"test driven development,application development,pair programming,.net,agile methodologies"
232,,,,windows,linux,"integration,esx,application development,big data,esxi,linux kernel,ucs (unified computing system,powershell,storage,vmware,analysis,windows server,management,iis,cisco technologies,automation,active directory,operating systems,servers,system administration,virtualization,red hat"
233,,,,windows,,"business analysis,integration,analysis,research,test cases,requirements analysis,agile methodologies,project management,user acceptance testing,business requirements,requirements gathering,business process,technical writing"
234,,,,,,"power bi,business intelligence,data modeling,data visualization,windows azure"
235,,,,,"linux,docker","cd,ci,rest,cicd,jenkins"
236,"javascript,java",spring,,,,"kafka,microservices"
237,java,,,,docker,"springboot,amazon web services,microservices"
238,"java,sql,c#,python",,,,,"security,consulting,sharepoint,requirements gathering,powershell"
239,typescript,,,,,"microservices,communication,.net,html5,systems engineering,design patterns,web applications,rabbitmq"
240,"javascript,php",,,,,"html,css"
241,java,react.js,,,,"react native,springboot,.net core,.net,angular"
242,,,,,,"soap,scrum,bash,enterprise software,json,agile methodologies"
243,,,,,,"business analysis,process improvement,monitoring,testing,business requirements,business process"
244,,,,,"kubernetes,docker","soap,rest,json,jira,git"
245,sql,,microsoft sql server,windows,,"pmi,integration,esx,sccm,ldap,team leadership,troubleshooting,sql server,powershell,storage,vmware,netbackup,windows server,management,compliance,computer security,malware,itil,active directory,security,leadership,vulnerability,citrix,debugging,scom,monitoring,xendesktop,system administration,scripting,clustering,product development,data center"
246,"sql,python,java",,microsoft sql server,windows,linux,"pmi,oracle database,sql server,powershell,change management,windows server,.net,management,compliance,itil,security,information security,databases,information architecture,sharepoint,optimization,database design,servers,scripting"
247,javascript,,,,,"wireframes,user experience,visual design,css,testing,jira,user research,adobe creative suite,management,design thinking,usability testing,html,communication,graphic design,leadership,research,usability,sketch,invision,balsamiq"
248,,,,,,"testing,business requirements,open source,system architecture,analysis,system design,management,design thinking,sap,supply chain management,cloudfoundary,security,communication,leadership,vendor management,data structures,erp,gdpr,computer science,business process"
249,"java,python",,"cassandra,mysql",,,"optimization,monitoring,database design,bash,databases,database development,troubleshooting,ansible"
250,java,spring,"postgresql,oracle",,"kubernetes,docker","security,maven,springboot,databases,mvc,jpa,angular,sql server,microservices"
251,ruby,,elasticsearch,,linux,"release management,servicenow,ldap,dns,web services,jira,shell scripting,devops,xml,unix,kibana,iis,performance tuning,automation,active directory,options,communication,confluence,authentication,j2ee,ip,ip,logstash,tcp,scripting,puppet"
252,c#,,,,,"cloud computing,.net,windows azure"
253,,,,,,"analysis,network+,security,ic,sap,sscp,vulnerability,compliance,a+,risk management framework (rmf"
254,python,,,,linux,"cloud storage,networking,storage"
255,"c,c++,c#,java",jquery,,,,"system testing,communication,computer science,ajax,web applications,web development,html,testing"
256,sql,,,windows,linux,"consulting,dns,powershell,vmware,ubuntu,analysis,windows server,management,networking,iis,active directory,security,monitoring,computer science,powerpoint,visio"
257,,,,,,"scrum,communication,management,computer science,product management,agile methodologies,infrastructure management"
258,"c#,sql,javascript,python",,postgresql,,docker,"apis,integration,troubleshooting,testing,web development,sql server,node.js,iot,management,project management,sensors,html,automation,communication,databases,ip,git,erp,ip,computer science,tcp"
259,,,,,,"data visualization,business requirements,analytics"
260,,,,,,"erp,security,analysis,communication,system design,management,design thinking,computer science,gdpr,sap,leadership,vendor management,business process,testing,business requirements,open source,system architecture,data structures"
261,swift,,,,ios,"apis,integration,sdk,scrum,computer science,xcode,jira,continuous integration"
262,,,,,,"integration,pricing,testing,business requirements,requirements gathering,devops,analysis,telecommunications,management,unit testing,sap,automation,analytics,supply chain management,options,leadership,erp,regression testing,business intelligence,problem solving,computer science,teamwork,abap"
263,"sql,java",spring,"oracle,postgresql",,"docker,kubernetes","maven,jpa,sql server,microservices,jenkins,management,mvc,project management,security,communication,devops,databases,leadership,angular,ansible"
264,,,,,,"pega,security,optimization,monitoring,scrum,communication,database design,management,ui development,computer science,data modeling,strategy,databases,data architecture"
265,"javascript,java",jquery,cassandra,,,"apis,maven,web services,css,jenkins,soap,xml,management,html5,sox,jvm,compliance,html,analytics,security,ajax,rest,selenium,pci,postman,git,research,json,apigee"
266,"javascript,java",,,,"kubernetes,linux,docker","security,apigee,management,devops,troubleshooting,iam,automation"
267,"javascript,java",,,,google cloud platform,"ldap,web services,iam,sso,groovy,soap,xml,sox,compliance,security,authentication,rest,pci,postman,monitoring,json,apigee"
268,,,,,,"consulting,communication,business intelligence,design thinking,computer science,data modeling,data visualization,tableau"
269,"typescript,javascript",,,,,"html5,angular,css,web development"
270,"c++,c#,python,java",django,"redis,mysql",,"docker,kubernetes","apis,integration,nosql,testing,algorithms,object oriented design,continuous integration,datadog,kafka,rabbitmq,sdlc,options,communication,databases,data structures,graphql,monitoring,computer science,design patterns,teamwork"
271,,,,,,"pci,solution architecture"
272,,,,,,"agile methodologies,pmp,scrum,project management"
273,"c#,java,sql,python",spring,mongodb,,linux,"consulting,.net core,web applications,testing,.net,management,unit testing,sdlc,communication,research,computer science,scripting"
274,javascript,react.js,,,,"react native,wireframes,security,research,design thinking,.net,sketch,html5,ajax,invision,scripting,user-centered design,css,user interface,business requirements,scalability"
275,,,,,"kubernetes,linux,docker","terraform,monitoring,communication,problem solving,amazon web services,computer science,devops,databases,chef,web services,testing,cloudformation,product development,datadog,puppet"
276,,,,,,"manual testing,restore,communication,computer hardware,customer service,it management,antivirus,microsoft excel,windows server,microsoft word,technical writing,backup"
277,"javascript,java",,,,,"management,microsoft office,computer science,customer service,troubleshooting,sharepoint"
278,,,,,,"user experience,a,research,market research,contextual inquiry,ecommerce,communication,reach,usability,strategy,b testing,testing,user research,human computer interaction"
279,java,react.js,"mongodb,redis,cassandra",,kubernetes,"node.js,apache spark,microservices,communication,ui development,amazon web services,html5,angular,css,angularjs,html,kafka"
280,java,,,,"kubernetes,linux,docker","cd,integration,sdlc,circleci,ci,amazon web services,devops,troubleshooting,scripting,cicd,kafka,automation"
281,python,,,,,"perl,bash,systems engineering,red hat,powershell,puppet"
282,"php,sql,c#,python,java",react.js,,,,"node.js,management,.net,software architecture,leadership,team leadership,agile methodologies,engineering management"
283,,,,,,"program management,pmp,scrum,project management"
284,javascript,react.js,,,,"ui development,redux,continuous integration"
285,c#,asp.net,mysql,,"kubernetes,docker",".net core,.net,amazon web services,mvc,nosql"
286,c#,,mysql,,"kubernetes,docker",".net core,amazon web services,entity framework,mvc,rabbitmq,nosql"
287,javascript,,,,,"salesforce marketing cloud,salesforce.com,salesforce lightning,oracle apex,agile methodologies"
288,swift,,,,ios,test driven development
289,c#,,,,,".net core,.net"
290,sql,,microsoft sql server,,,"user experience,integration,bloomberg,performance testing,testing,jira,sql server,jenkins,qa engineering,analysis,scrum,test cases,agile methodologies,continuous integration,automation,sdlc,confluence,leadership,soapui,postman,quality assurance,git,finance,monitoring,computer science,test case,bamboo"
291,"python,sql",,microsoft sql server,,,"user experience,integration,bloomberg,performance testing,testing,jira,sql server,jenkins,qa engineering,analysis,test cases,continuous integration,agile methodologies,scrum,automation,sdlc,confluence,selenium,soapui,postman,quality assurance,git,finance,monitoring,computer science,test case,bamboo"
292,sql,,,,,"analysis,monitoring,communication,management,appdynamics,computer science,statistics,trading,saas,troubleshooting,tomcat,splunk,scalability,t-sql,analytics"
293,,,,,,"integration,mulesoft,salesforce lightning,apis,etl"
294,,,mongodb,,"kubernetes,docker","node.js,amazon web services,angularjs"
295,,,,,,"software architecture,pega,agile methodologies,ui development"
296,javascript,react.js,,,,
297,"php,java,typescript,sql,javascript",react.js,"oracle,mysql",,,"apis,integration,web applications,web services,css,angularjs,web development,open source,sql server,node.js,management,continuous integration,windows azure,analytics,sdlc,servlets,coldfusion,rest,debugging,git,business intelligence,angular,json"
298,"javascript,java,sql,python",,oracle,,,"apis,integration,web services,testing,etl,qa engineering,continuous integration,functional testing,automation,communication,devops,databases,system testing,scripting,teamwork"
299,c#,,,,,"apis,integration,rest,web services,mulesoft,design patterns,.net"
300,"ruby,javascript,c#,java,sql,python,sql",asp.net,,,,"integration,release management,web services,css,sql server,analysis,soap,pl,management,html,windows azure,communication,customer service,devops,databases,rest,debugging,computer science"
301,,,,,"kubernetes,linux,docker","ubuntu,terraform,prometheus,devops,ansible,centos,jenkins"
302,javascript,,,,,"ui development,node.js,angularjs"
303,"ruby,python",,,,linux,"perl,consulting,centos,monitoring,jenkins,management,chef,scripting,red hat,ansible,disaster recovery,automation,puppet"
304,c#,,,,,".net,windows azure"
305,,,,,,"testng,testing,white box,black box testing,test case,uft (unified functional testing,test planning,test automation,user acceptance testing,mobile testing"
306,"javascript,c#,java,sql,python",,oracle,windows,linux,"apis,integration,process improvement,safe,testing,jira,open source,shell scripting,scalability,groovy,jenkins,qa engineering,change management,management,compliance,continuous integration,saas,scrum,functional testing,centos,automation,security,communication,testng,leadership,test automation,rest,selenium,debugging,postman,enterprise software,firefox,scripting,waterfall,perl,bash,computer science,usability,test case,ansible,r&d,wireshark"
307,,,,,,amazon web services
308,,jquery,,,,"wireframes,user experience,css,persona,user research,adobe creative suite,analysis,business strategy,rapid prototyping,artificial intelligence,analytics,product design,business development,interaction design,strategy,design strategy,user interface,mobile design,html,indesign,research,invision,user-centered design"
309,"javascript,c#,java,python",react.js,,,,"react native,node.js"
310,"javascript,c#,java,python",react.js,,,,"coldfusion,node.js"
311,java,react.js,,,,"node.js,.net,amazon web services,devops,chef,ansible,microservices,jenkins"
312,java,react.js,,,,"springboot,amazon web services,devops,chef,angular,microservices,jenkins"
313,"java,scala",,,,,"springboot,amazon web services,angular,microservices,spring mvc"
314,"javascript,java",react.js,,,,"amazon web services,angular,angularjs"
315,"javascript,php",,,,wordpress,"analysis,sdlc,requirements analysis,cms,html5,css,html"
316,,,,,,"risk management,information security,security,management,incident response,network security,compliance"
317,"typescript,java",,,,,angular
318,"java,sql",,,,,"machine learning,integration,problem solving,multithreading,computer science,distributed systems,devops,databases,troubleshooting,jvm,debugging,testing,saas,scrum"
319,sql,,"cassandra,oracle,postgresql",,,"cloudwatch,security compliance,jira,spark ml-lib,open source,etl,apache spark,analysis,unix,management,sqoop,compliance,performance tuning,security,data analysis,communication,hadoop,t-sql,monitoring"
320,,,,,,"cybersecurity,incident detection,networking"
321,,,,,,"salesforce marketing cloud,salesforce.com,mulesoft,enterprise architecture,salesforce service cloud"
322,sql,,,,,"business analysis,agile methodologies,sap"
323,,,,,,"citrix,windows server,itil"
324,,,,,,"communication,security,sap,strategy,scripting,sap hana,storage,kernel"
325,sql,,"cassandra,oracle,postgresql",,,"cloudwatch,security compliance,jira,open source,etl,analysis,unix,management,sqoop,compliance,performance tuning,security,data analysis,communication,hadoop,t-sql,monitoring"
326,java,,,,,"pega,soap,rest,testing,business requirements,quality assurance"
327,javascript,jquery,,,,"pega,security,ajax,css,scrum"
328,"sql,java","react.js,spring","cassandra,oracle,redis",,kubernetes,"statistics,angularjs,open source,microservices,analysis,unix,kafka,analytics,communication,data analysis,computer science,angular"
329,java,,,,,"cucumber,analysis,xml,ecommerce,management,multithreading,test case,test automation,rest,web services,selenium,testing,business requirements,quality assurance,automation"
330,java,,oracle,windows,linux,"integration,technical support,troubleshooting,performance testing,oracle database,data architecture,testing,data warehousing,storage,analysis,unix,sap,performance tuning,disaster recovery,automation,kernel,security,communication,databases,strategy,optimization,monitoring,business objects,problem solving,scripting,sap hana,abap"
331,"java,sql",,oracle,,,"maven,web applications,troubleshooting,big data,web services,jira,web development,subversion,jenkins,storage,analysis,unix,management,jdbc,kafka,analytics,security,hadoop,tomcat,git,optimization,business intelligence,jsp,data analysis,teradata"
332,"c,sql",,oracle,,linux,"troubleshooting,big data,jira,jenkins,storage,analysis,unix,management,analytics,security,data analysis,hadoop,git,optimization,business intelligence,bash,teradata"
333,"java,sql,python",,"cassandra,oracle",,linux,"troubleshooting,big data,web applications,jira,jenkins,storage,analysis,unix,management,hbase,kafka,analytics,security,hadoop,git,optimization,business intelligence,data analysis,teradata"
334,"javascript,ruby,python",,,,,"html5,rest,json"
335,,,,,,network administration
336,sql,,oracle,,,pl
337,,,,,,"adobe analytics,product development,ecommerce,digital strategy,google analytics,marketing,strategy,user-centered design,business strategy,analytics"
338,sql,,"mongodb,oracle",,,"sybase,quality assurance"
339,java,,mongodb,,linux,"unix,nosql,object oriented design,jsf"
340,,,,windows,,"restore,network administration,communication,information technology,computer hardware,microsoft office,customer service,crm,networking,backup"
341,"sql,c++,c#,c",asp.net,oracle,,"android,ios","access,visual basic,sql server"
342,sql,,oracle,,,"pl,data analysis,energy,power management"
343,"sql,javascript,c++,java",,microsoft sql server,,,"analysis,db2,ssis,.net,databases,visual basic"
344,,,,,kubernetes,"terraform,restore,amazon web services,data center,scripting,web applications,cloudformation,san,dockerswarm,nas,windows azure,backup,infrastructure management"
345,,,,,,cloud computing
346,"javascript,scala,java,sql","jquery,spring","elasticsearch,cassandra",,"linux,docker","maven,web services,nosql,open source,shell scripting,microservices,jenkins,unix,amazon web services,agile methodologies,hbase,kafka,eclipse,gradle,hadoop,red hat openshift,rest,git,spring mvc,solr,scripting,angular"
347,java,"spring,react.js",,,,"apache spark,soap,springboot,j2ee,rest,json"
348,,,,,,"hadoop,management,data warehousing,data architecture,apache hive,etl"
349,c#,asp.net,,,,"apis,.net core,.net,rest,iaas,design patterns,web applications,paas,agile methodologies,windows azure,microservices"
350,"javascript,c++,c#,java","react.js,jquery",,,,"web applications,product management,css,analysis,management,redux,agile methodologies,html,scrum,ecommerce,digital marketing,monitoring,computer science,marketing,angular"
351,c#,asp.net,,,,"apis,application development,distributed systems,testing,business requirements,enterprise architecture,soap,xml,scrum,strategy,leadership,rest,computer science,wcf,design patterns,json,product development,visual studio,.net"
352,,,,,,"visual design,communication,design thinking,usability,information architecture,wireframes,r&d"
353,"javascript,c#,java,sql",asp.net,mongodb,windows,,"integration,web applications,troubleshooting,web services,testing,requirements gathering,sql server,xamarin,analysis,.net,html5,iis,illustrator,security,visual studio,communication,vb.net,cms,mobile applications,web design"
354,"c++,java",,,,,
355,java,spring,,,,"object oriented programming,software architecture,j2ee,splunk,guidewire,testing,agile methodologies,open source,scrum"
356,,,,windows,,"active directory,computer hardware,customer service,trading"
357,,,,,,"cybersecurity,information security,security compliance,network security,cissp"
358,"scala,sql,python,java",,,,,"data mining,statistics,pytorch,big data,business requirements,simulations,data warehousing,spark ml-lib,analysis,algorithms,management,tensorflow,deep learning,artificial intelligence,analytics,communication,hadoop,decision trees,neural networks,machine learning,research,optimization,keras,data analysis,computer science,clustering"
359,java,,,,,"hibernate,gradle,confluence,management,jboss application server,chef,jira,agile methodologies,git,jenkins"
360,,,,,linux,"ccna,cisco technologies"
361,"javascript,c#,java",react.js,,,,".net,html5,angular,css,angularjs,html,node.js"
362,python,,,,,"network architecture,troubleshooting,dns,testing,analysis,rf,routers,networking,cisco technologies,automation,data analysis,wireless,firewalls,snmp,system testing,optimization,monitoring,servers,switches,lan,wireshark,wireless networking"
363,,,,,,"teradata,big data"
364,,,,,,"analysis,research,computer hardware,computer science,databases,database development,sharepoint"
365,,,,,,amazon web services
366,java,,,,,"hibernate,gradle,confluence,jboss application server,chef,agile methodologies,git,jenkins"
367,"java,scala,python",,,,,"amazon web services,big data"
368,python,,,windows,,"vmware,active directory,unix,windows server,servers,devops,routers,networking,firewalls,troubleshooting,microsoft exchange,virtualization,cisco technologies,data center,automation,disaster recovery"
369,"javascript,c++,scala,python",,,,"kubernetes,docker","apis,rest,angular"
370,,,,,docker,"terraform,data analysis,jenkins,hadoop,amazon web services,devops,web services,iaas,paas,ansible,automation"
371,"javascript,python","jquery,ruby on rails","redis,postgresql",,"docker,google cloud platform","cd,terraform,bootstrap,microservices,jenkins,cicd,command line interface (cli,ubuntu,amazon web services,html5,windows azure,memcached,automation,ci,devops,bash,chef,polymer,ansible,puppet"
372,,,,,"kubernetes,docker","solution architecture,software architecture,problem solving,distributed systems,blockchain,design patterns"
373,sql,,,,,"devops,security,pl,operations management,togaf,management,ssis,firewalls,networking,compliance,virtualization,saas,etl"
374,python,,,,,"cloud computing,nosql"
375,,,,,,"business development,scrum,communication,spanish,french,project planning,team leadership,project management,pmo,account management"
376,,,,,"kubernetes,linux,docker","cloudfoundary,unix,cloud computing,kafka"
377,java,react.js,,,,"react native,springboot,.net core,.net,angular"
378,"java,kotlin",react.js,,,,".net core,.net,angular"
379,,,,,,"pair programming,agile methodologies,bdd,leadership"
380,,,,windows,,"automation,sccm,testing,powershell,qa engineering,mobile devices,vmware,change management,management,user acceptance testing,active directory,communication,test automation,citrix,mac,quality assurance,scripting,virtualization"
381,sql,,,,,"analysis,optimization,monitoring,data analysis,unix,management,teradata,scripting,big data,web services,business requirements,kafka,shell scripting,etl,analytics"
382,,,,,"kubernetes,docker","analysis,solution architecture,communication,system design,software architecture,problem solving,computer science,distributed systems,blockchain,design patterns,data structures"
383,c++,,,,,"video game design,gaming"
384,javascript,"react.js,jquery","mongodb,mysql",,,"bootstrap,html5,node.js"
385,,,,,,"salesforce service cloud,salesforce.com,salesforce lightning,salesforce marketing cloud"
386,,,,,,"consulting,business intelligence,management,leadership,tableau,analytics"
387,"java,kotlin,python",,,,android,
388,"r,python",,,,,"business intelligence,management,data warehousing,etl,analytics"
389,,,microsoft sql server,,,"windows server,iis,sharepoint,powershell"
390,,,,,,"cd,devops,sdlc,security,ci,amazon web services,ansible,cicd"
391,c#,,,,,"xhtml,.net,ic,iis,css,html,sharepoint"
392,"sql,javascript,c#",,,,,"visual studio,.net,mvc,css,html"
393,"javascript,vba,c#",jquery,,,,"xhtml,xml,xslt,.net,css,vb.net,html,sql server,sharepoint"
394,"sql,javascript,c#",,,,,"object oriented programming,tfs,problem solving,.net,computer science,.net core,angular,sql server"
395,,,,,,"business intelligence,consulting,qlikview,communication"
396,,,,,,"data science,business intelligence,communication,big data,data architecture,data warehousing,amazon web services,windows azure,artificial intelligence"
397,"javascript,java",,,,,"apis,devops,agile methodologies,splunk,kafka"
398,"sql,javascript","asp.net,jquery",,,,"visual design,management,product management,css,vb.net,html,sql server"
399,"python,sql",,microsoft sql server,windows,,"technical support,troubleshooting,testing,sql server,powershell,analysis,windows server,management,networking,microsoft exchange,automation,active directory,security,servers,computer science,usability,system administration,scripting"
400,,,,,,"jira,scrum,communication,information technology,management,confluence,computer science,leadership,product development,agile methodologies,saas"
401,,,,,,"scrum,communication,information technology,confluence,computer science,leadership,jira,agile methodologies,product development"
402,"java,sql,c#",spring,postgresql,,,"soap,hibernate,amazon web services,management,computer science,trading,cloud computing,rest,testing,open source,scrum,apache,trading systems"
403,java,react.js,,,,
404,javascript,,,,,"wireframes,visual studio,research,application development,ui development,.net,interaction design,sass,html5,css,html"
405,"java,sql,c#",spring,postgresql,,,"soap,hibernate,amazon web services,management,computer science,trading,cloud computing,rest,testing,open source,scrum,apache,trading systems"
406,"java,sql,c#",spring,postgresql,,,"soap,hibernate,amazon web services,management,computer science,trading,cloud computing,rest,testing,open source,scrum,apache,trading systems"
407,"c#,sql,java",spring,postgresql,,,"trading,cloud computing,testing,open source,soap,hibernate,management,object oriented design,saas,scrum,apache,rest,trading systems,computer science"
408,sql,,microsoft sql server,windows,,"troubleshooting,dns,esxi,scalability,powershell,storage,vmware,analysis,windows server,disaster recovery,active directory,security,databases,saas,vlan,perl,monitoring,servers,computer science,system administration,scripting,virtualization,clustering,data center"
409,"sql,java",,microsoft sql server,windows,docker,"integration,vpn,appdynamics,cloud computing,terraform,jira,sql server,powershell,scalability,subversion,storage,vmware,analysis,windows server,amazon web services,management,networking,iis,performance tuning,saas,disaster recovery,automation,active directory,security,confluence,databases,tomcat,git,perl,monitoring,computer science,chef,scripting,virtualization,clustering,ansible,data center,puppet"
410,,,,,,"business analysis,scrum,communication,management,customer service,leadership,enterprise software,product management,agile methodologies"
411,,,,,,"business analysis,scrum,communication,management,customer service,leadership,enterprise software,product management,agile methodologies"
412,sql,,microsoft sql server,,,"analysis,monitoring,database design,technical support,databases,saas,systems engineering,jira,splunk,sql server,scalability,storage"
413,sql,,,,,"analysis,perl,data analysis,management,amazon web services,databases,systems engineering,scripting,scalability,storage,clustering,jira,saas,splunk,powershell,analytics"
414,javascript,asp.net,,,,"cd,troubleshooting,css,powershell,analysis,tfs,xml,management,.net,compliance,html,windows azure,communication,ci,devops,git,computer science,scripting,json,cicd"
415,,,,windows,,"network architecture,systems engineering,routers,compliance,active directory,security,communication,customer service,firewalls,vulnerability,antivirus,enterprise software,bug tracking,ip,ip,information technology,computer hardware,problem solving,computer science,tcp,switches,servers,defect tracking"
416,"sql,javascript,c#",asp.net,,,,"asp.net web api,public trust clearance,consulting,computer science,compliance,angularjs,sql server,t-sql"
417,"ruby,javascript,java","ruby on rails,react.js",,,,"analysis,application development,computer science,angular,testing,angularjs,web development,business process,performance tuning,itil,node.js"
418,sql,,,,,"analysis,perl,data analysis,management,amazon web services,databases,systems engineering,scripting,scalability,storage,clustering,jira,saas,splunk,powershell,analytics"
419,"javascript,sql,ruby,c#",,,,docker,"ado.net,database design,.net,computer science,.net core,devops,visual c#,angular,testing,angularjs,performance tuning,t-sql,automation"
420,sql,,microsoft sql server,,,"analysis,monitoring,database design,technical support,databases,saas,systems engineering,jira,splunk,sql server,scalability,storage"
421,,,,,,"business analysis,scrum,communication,management,customer service,leadership,enterprise software,product management,agile methodologies"
422,,,,,,"business analysis,scrum,communication,management,customer service,leadership,enterprise software,product management,agile methodologies"
423,"sql,java",,microsoft sql server,windows,docker,"integration,vpn,appdynamics,cloud computing,terraform,jira,sql server,powershell,scalability,subversion,storage,vmware,analysis,windows server,amazon web services,management,networking,iis,performance tuning,saas,disaster recovery,automation,active directory,security,confluence,databases,tomcat,git,perl,monitoring,computer science,chef,scripting,virtualization,clustering,ansible,data center,puppet"
424,sql,,microsoft sql server,windows,,"troubleshooting,dns,esxi,scalability,powershell,storage,vmware,analysis,windows server,disaster recovery,active directory,security,databases,saas,vlan,perl,monitoring,servers,computer science,system administration,scripting,virtualization,clustering,data center"
425,"c#,sql,java",spring,postgresql,,,"trading,cloud computing,testing,open source,soap,hibernate,management,object oriented design,saas,scrum,apache,rest,trading systems,computer science"
426,"java,sql,c#",spring,postgresql,,,"soap,hibernate,amazon web services,management,computer science,trading,cloud computing,rest,testing,open source,scrum,apache,trading systems"
427,,,,,,"scrum,communication,information technology,confluence,computer science,leadership,jira,agile methodologies,product development"
428,,,,,,"jira,scrum,communication,information technology,management,confluence,computer science,leadership,product development,agile methodologies,saas"
429,"python,sql",spring,microsoft sql server,,,"user experience,integration,bloomberg,performance testing,testing,jira,sql server,qa engineering,analysis,test cases,unit testing,agile methodologies,scrum,automation,sdlc,confluence,selenium,soapui,postman,junit,quality assurance,git,finance,monitoring,computer science,test case,scripting,bamboo,nunit"
430,"java,sql,c#",spring,postgresql,,,"soap,hibernate,amazon web services,management,computer science,trading,cloud computing,rest,testing,open source,scrum,apache,trading systems"
431,sql,,,,,"analysis,monitoring,communication,management,appdynamics,computer science,statistics,trading,saas,troubleshooting,tomcat,splunk,scalability,t-sql,analytics"
432,"java,sql,scala",,,,,"apache spark,springboot,amazon web services,nosql,kafka,windows azure"
433,sql,,microsoft sql server,,,"user experience,integration,bloomberg,performance testing,testing,jira,sql server,jenkins,qa engineering,analysis,scrum,test cases,agile methodologies,continuous integration,automation,sdlc,confluence,leadership,soapui,postman,quality assurance,git,finance,monitoring,computer science,test case,bamboo"
434,"r,scala,python,java",,oracle,,,"big data,testing,jira,jenkins,analysis,telecommunications,microsoft office,user acceptance testing,hbase,analytics,communication,hadoop,databases,devops,machine learning,predictive modeling,data analysis,computer science,teradata,tableau"
435,"python,sql",,microsoft sql server,,,"user experience,integration,bloomberg,performance testing,testing,jira,sql server,jenkins,qa engineering,analysis,test cases,continuous integration,agile methodologies,scrum,automation,sdlc,confluence,selenium,soapui,postman,quality assurance,git,finance,monitoring,computer science,test case,bamboo"
436,javascript,,,,,"wireframes,visual studio,research,application development,ui development,.net,interaction design,sass,html5,css,html"
437,"python,sql",,microsoft sql server,windows,,"technical support,troubleshooting,testing,sql server,powershell,analysis,windows server,management,networking,microsoft exchange,automation,active directory,security,servers,computer science,usability,system administration,scripting"
438,"sql,javascript","asp.net,jquery",,,,"visual design,management,product management,css,vb.net,html,sql server"
439,java,spring,,,,"apis,xhtml,node.js,security,management,html5,gulp,project management,compliance,angular,system architecture,microservices,git,soa"
440,"ruby,javascript,c++,c#,java,python",,,,,"integration,cloud computing,testing,groovy,storage,management,continuous integration,windows azure,devops,iaas,operating systems,bash,chef,scripting,virtualization,paas,ansible,puppet"
441,,,,,,"cd,application development,cicd,management,ci,chef,puppet,operating systems,scripting,bamboo,virtualization,paas,ansible,windows azure,powershell,jenkins,storage"
442,ruby,,oracle,windows,linux,"active directory,vpn,monitoring,communication,servers,management,amazon ec2,chef,cloud computing,dns,scripting,teamwork,red hat,powershell"
443,"python,javascript,java",,,,,.net
444,,,,,,"cybersecurity,data analysis,tcp,networking,ip"
445,,,,windows,,"cybersecurity,active directory,information security,vmware"
446,"r,scala,python",,,,,big data
447,,,,,,"cybersecurity,integration,security,communication,management,computer science,ms project,project planning,project management,leadership,systems engineering,microsoft excel,powerpoint,enterprise architecture"
448,,,,,,"cybersecurity,consulting,sailpoint,threat intelligence,troubleshooting,cloud computing,systems engineering,web services,analysis,management,security+,amazon web services,windows azure,active directory,security,information security,communication,leadership,gcih,cisa,pki,computer science,gced,powerpoint,nessus,casp,cissp"
449,"c#,sql,java",spring,"oracle,mysql",,docker,"apis,hudson,static analysis,object oriented programming,maven,systems engineering,testing,jira,jenkins,latex,analysis,.net,management,unit testing,project management,agile methodologies,automation,security,communication,devops,junit,git,sharepoint,computer science,bamboo,ant"
450,,,,windows,linux,"cybersecurity,sailpoint,ldap,troubleshooting,systems engineering,threat intelligence,analysis,unix,management,active directory,security,information security,communication,pki,computer science,powerpoint,nessus,casp"
451,,,,,,"avaya,software architecture,telecommunications,cisco technologies"
452,java,,,,,"oracle cloud,devops,j2ee,rest,angularjs,microservices,spring mvc"
453,,,,,,"system testing,regression testing,analysis,sdlc,testing,management,problem solving,scripting,compliance,selenium,protractor,debugging,junit,business process"
454,javascript,,,,docker,"eclipse,analysis,maven,communication,jenkins,amazon web services,angular,angularjs,html,node.js"
455,java,,,,docker,"node.js,security,maven,hibernate,eclipse,analysis,management,amazon web services,communication,junit,microservices,jenkins,soa"
456,,,,,,"analysis,consulting,options,communication,management,strategy,sas,problem solving,customer service,compliance,business requirements,fraud"
457,,,,windows,,"vmware,user experience,technical support,sccm,troubleshooting,visual basic,scripting,vb.net,mac,.net,powershell"
458,java,,elasticsearch,,"linux,docker,kubernetes","troubleshooting,testing,apache spark,management,scrum,kafka,apache,kernel,communication,databases,strategy,leadership,tomcat,regression testing,machine learning,monitoring,computer science"
459,"sql,javascript,python",,,,,"machine learning,hadoop,html5,nosql,tableau,pandas"
460,,,,,,"devops,terraform,amazon web services,cloud computing,cloudformation,ansible"
461,,,,,wordpress,"adobe creative suite,html5,mobile applications,css"
462,"java,swift",spring,redis,,"android,ios,kubernetes","react native,analysis,communication,system design,springboot,computer science,j2ee,data structures"
463,"java,sql,javascript","jquery,spring,express",,,linux,"integration,application development,web applications,jpa,web services,css,jira,web development,cloudformation,jenkins,hibernate,management,mvc,project management,html,centos,automation,communication,databases,rest,problem solving,angular,robotics"
464,"java,swift",spring,redis,,"ios,kubernetes","react native,analysis,communication,system design,springboot,computer science,j2ee,rabbitmq,data structures"
465,ruby,,,,linux,"troubleshooting,testing,scalability,jenkins,powershell,vmware,management,unit testing,networking,sox,compliance,scrum,automation,security,information security,communication,pci,git,bash,chef,scripting,virtualization,ansible,salt,technical writing,puppet"
466,sql,,,,,"hadoop,ab initio,data warehousing,etl"
467,"java,scala",,cassandra,,,"terraform,amazon web services,chef,nosql,ansible,puppet"
468,,,"oracle,mysql",,,"monitoring,management,databases,troubleshooting,oracle database,clustering"
469,c#,asp.net,,,"android,ios","asp.net web api,mobile application development,xamarin"
470,,,,,,"application development,communication,management,software architecture,computer science,agile methodologies,strategy,networking,cloud computing,leadership,business strategy,enterprise software"
471,javascript,,,,,"bdd,devops,css,express.js,scrum,git"
472,c#,,,,,"integration,tfs,communication,management,problem solving,test case,test automation,scripting,selenium,testing,json,.net,quality assurance,git,automation"
473,,,,,,"user experience,change management,release management,test cases,management,communication,servicenow,strategy,safe,project management,user acceptance testing,business requirements,workday,requirements gathering,business process,finance"
474,,,,,,"technical support,powershell,analysis,sccm"
475,,,,,,"node.js,bdd,ui development,css,angularjs,express.js"
476,python,,,,,"apache hive,amazon web services,mapreduce"
477,,,,,,"process improvement,monitoring,testing,business requirements,business process"
478,"sql,java","jquery,spring","cassandra,mongodb",,linux,"application development,web services,nosql,css,soap,unix,performance tuning,databases,rest,git,computer science,angular,apigee"
479,java,,cassandra,,,"analysis,monitoring,xml,wireless,communication,management,db2,computer science,cobol,data structures"
480,"r,scala,python,java",,oracle,,,"big data,testing,jira,jenkins,analysis,telecommunications,microsoft office,user acceptance testing,hbase,analytics,communication,hadoop,databases,devops,machine learning,predictive modeling,data analysis,computer science,teradata,tableau"
481,java,react.js,,,,"wireframes,web services,testing,web development,subversion,node.js,analysis,algorithms,unix,management,unit testing,object oriented design,html,scrum,communication,devops,databases,quality assurance,data structures,git,middleware,problem solving,computer science,angular"
482,"kotlin,java",,,,android,"wireframes,web services,testing,subversion,analysis,algorithms,unix,management,unit testing,object oriented design,scrum,communication,devops,databases,quality assurance,data structures,git,middleware,problem solving,computer science,mobile applications"
483,"c,objective-c,swift",,,,ios,"wireframes,web services,testing,subversion,devops,analysis,algorithms,unix,management,unit testing,object oriented design,scrum,communication,databases,quality assurance,data structures,git,middleware,problem solving,computer science,mobile applications"
484,"go,php",,,,,"amazon web services,microservices"
485,,,,,,"product design,product management,product development"
486,"java,python",spring,"mongodb,cassandra",,,"apache spark,maven,gradle,ecommerce,computer science,leadership,product management,big data,rest,json,presto,apache hive,kafka"
487,"javascript,java","react.js,spring","elasticsearch,cassandra,mongodb,oracle,redis,mysql",,,"apis,web services,nosql,node.js,jenkins,apache spark,algorithms,amazon web services,scrum,kafka,rabbitmq,apache,devops,databases,selenium,data structures,middleware,cucumber,chef,akka,puppet"
488,,,,,,"wan,monitoring,management"
489,,,,,,"analysis,devops,sdlc,information technology,management,computer science,compliance,jira,itil"
490,,,,,android,"devops,communication,selenium,testing,mobile testing,appium,automation"
491,,,,,,"testing,salesforce service cloud,salesforce.com,business requirements"
492,java,"spring,react.js",,,,"hibernate,communication,springboot,nosql,angularjs,phoenix"
493,"sql,javascript,php","vue.js,laravel",,,,"apis,amazon web services,rest,pci"
494,,,,,,"business analysis,process improvement,monitoring,testing,business requirements,business process"
495,,,,,,"cybersecurity,risk management,security compliance,management,sox,saas,amazon web services,security,information security,communication,encryption,strategy,authentication,leadership,vulnerability,pci,iaas,gsec,splunk,cisa,nist,paas,cissp"
496,,,,,,"integration,computer science,automation,peoplesoft,testing,workday,finance"
497,,,,,,"user experience,wireframes,adobe creative suite,product design,sketch,user-centered design,mobile design,figma,rapid prototyping"
498,"java,scala",,mongodb,,,"apis,apache spark,software architecture,amazon web services,distributed systems,angular,nosql,microservices,soa"
499,python,,,,,"power bi,machine learning,management,strategy,cloud computing,big data,pricing,tableau,data architecture,artificial intelligence"
500,"sql,javascript,python",,,,,"vmware,hyperv,bash,amazon web services,jira,windows azure,git,jenkins"
501,c#,,,,,"integration,computer science,unit testing,test automation,selenium,testing,product development,continuous integration,.net,scalability,automation"
502,"javascript,c#",asp.net,,,,"integration,application development,.net core,web applications,web services,css,testing,business requirements,powershell,mobile devices,analysis,algorithms,.net,html5,unit testing,mvc,windows azure,automation,security,devops,databases,strategy,rest,iaas,git,business intelligence,information technology,problem solving,scripting,json,paas"
503,,,,,"kubernetes,linux,docker","terraform,communication,.net,amazon web services,devops,strategy,cloud computing,ansible,continuous integration,automation"
504,c#,,,,,"cloud computing,.net"
505,"javascript,c#",asp.net,,,,"object oriented programming,xml,.net,wcf,web applications,web services,angular,wpf,sql server,scalability"
506,java,,,,,
507,java,,,,,agile methodologies
508,,,,,,devops
509,,,,,,"cybersecurity,risk management,cism,security compliance,vulnerability,pci,sans,cissp"
510,,,,,,"vmware,servers,scripting,esxi,vsphere,cisco technologies,ucs (unified computing system,vcenter,disaster recovery,powershell,virtualization"
511,java,,,,,"team building,b testing,a"
512,"javascript,java",react.js,,,,"react native,a,ui development,css,testing,user interface,b testing,team building"
513,"sql,python",,,,,"management,leadership,agile methodologies"
514,,,,,,"business analysis,process improvement,application development,monitoring,testing,business requirements,business process"
515,,,,,,"dns,lan,voip,sip,ucs (unified computing system,ip,tcp"
516,"sql,python",,mysql,,google cloud platform,"amazon web services,digital media,statistics"
517,sql,,,,,"analysis,research,communication,problem solving,user-centered design,sparql,user research,metadata,french,analytics"
518,,,,,,"project management,sdlc,communication"
519,sql,,,,,"analysis,business intelligence,digital media,salesforce.com,data visualization,tableau,analytics"
520,"javascript,php",,,,wordpress,"adobe creative suite,wireframes,a,optimization,css,b testing,seo,html"
521,,react.js,,,,"sdlc,options,distributed systems,leadership,processors,protractor,css,web applications,design patterns,redux,scrum"
522,javascript,react.js,,,,"options,communication,software architecture,html5,web applications,css,redux,web development,html"
523,,,,,ios,"integration,security,communication,management,microsoft office,problem solving,tcp,project planning,leadership,troubleshooting,pci,ip"
524,javascript,,,,,"apis,amazon web services,graphic design,angular,css,user interface,web development,html,agile methodologies,start-ups"
525,java,,elasticsearch,,,"apis,react native,unix,management,amazon web services,servers,computer science,weblogic,websphere,j2ee,servlets,scripting,web services,web applications,json,shell scripting"
526,"ruby,javascript","jquery,ruby on rails","redis,postgresql",,"linux,docker","apis,integration,rspec,bootstrap,cloud computing,web services,testing,jira,open source,haml,ubuntu,system design,management,amazon web services,html5,coffeescript,reach,continuous integration,scrum,security,bdd,devops,databases,git,cucumber,research,optimization,information technology,computer science,polymer,angular"
527,python,,,,,"etl,data science,quantitative analytics"
528,php,,,,,"agile methodologies,scrum"
529,,,,,,"cybersecurity,security,communication,management,saas,cloud computing,cysa+,iaas,storage,paas,disaster recovery,middleware"
530,,asp.net,,,,asp.net mvc
531,javascript,react.js,,,,"react native,ui development,css"
532,"c,c++,java,sql,sql",,postgresql,,"ios,android","apis,web applications,product management,web services,shell scripting,weblogic,soap,hibernate,xml,unix,management,pl,networking,node.js,communication,ui development,servlets,j2ee,rest,perl,graphql,websphere,servers,computer science,scripting,json"
533,sql,,,,,"business analysis,devops,security,analysis,research,change management,management,communication,sap,strategy,vulnerability,abap,analytics"
534,,,,,,"business analysis,scrum,amazon web services,product management,agile methodologies"
535,sql,,,,,"apache hive,scrum,amazon web services,jira,agile methodologies,quality assurance"
536,java,,,,,"solution architecture,soap,springboot,j2ee,rest,oracle sql,agile methodologies,microservices"
537,javascript,react.js,,,,"graphql,ui development,node.js"
538,,,,windows,,"vmware,active directory,windows server,powershell,windows azure"
539,"javascript,java",,,,"docker,kubernetes","cd,maven,web services,testing,angularjs,microservices,jenkins,cicd,unit testing,agile methodologies,functional testing,scrum,ci,rest,debugging,junit,git,ejb,ant,product development"
540,"sql,python",,,,,"security,analysis,netbackup,unix,hadoop,management,data modeling,teradata,scripting,performance tuning,shell scripting,etl,automation"
541,"c,c++,java,sql,sql",,postgresql,,"ios,android","apis,web applications,product management,web services,testing,business requirements,jira,shell scripting,weblogic,communication,jenkins,business analysis,analysis,algorithms,hibernate,xml,unix,management,soap,pl,networking,scrum,automation,node.js,servlets,j2ee,rest,perl,graphql,websphere,servers,computer science,usability,scripting,json,sonarqube,ansible,business process"
542,sql,,,,,"business analysis,devops,security,consulting,analysis,research,management,change management,communication,sap,strategy,vulnerability,abap,analytics"
543,"c,c++,sql,java,sql",,oracle,,linux,"sybase,troubleshooting,testing,analysis,pl,unix,management,system design,project management,compliance,security,communication,databases,j2ee,aix,ip,data structures,research,monitoring,ip,computer science,tcp"
544,"typescript,javascript,c#",asp.net,mysql,,,"asp.net web api,.net core,.net,angular"
545,javascript,,,,,"amazon web services,microservices,node.js"
546,"sql,javascript,java",,,,,"technical support,troubleshooting,debugging"
547,"javascript,java",react.js,elasticsearch,,,"amazon web services,rest,data architecture,nosql,redux,couchdb,soa"
548,"typescript,c#",,,,,"iot,microservices,.net,bootstrap,html5,systems engineering,web applications,angularjs,rabbitmq"
549,"ruby,r,javascript,python",,"cassandra,mongodb,redis",,,"data mining,big data,nosql,data architecture,scalability,hbase,couchdb,options,impala,hadoop,mapreduce,digital marketing,marketing,product development"
550,"java,ruby",ruby on rails,elasticsearch,,,"computer science,devops,databases,leadership,strategy,golang,nosql,product development,enterprise architecture,saas"
551,"c#,javascript","jquery,asp.net",,,,"bootstrap,web applications,web services,css,web development,soap,.net,asp.net mvc,html5,iis,agile methodologies,devops,dotnetnuke,git,content management"
552,"typescript,c++,c",,,,,"analysis,microservices,communication,.net,computer science,bootstrap,html5,embedded software,systems engineering,angular,ethernet,design patterns,web applications,rabbitmq,device drivers"
553,"javascript,c++,c#,java","react.js,jquery",,,,"web applications,product management,css,analysis,management,redux,agile methodologies,html,scrum,ecommerce,digital marketing,monitoring,computer science,marketing,angular"
554,c#,asp.net,,,,"apis,application development,distributed systems,testing,business requirements,enterprise architecture,soap,xml,scrum,strategy,leadership,rest,computer science,wcf,design patterns,json,product development,visual studio,.net"
555,"sql,java",,oracle,,linux,"vpn,incident response,ldap,troubleshooting,dns,storage,vmware,analysis,unix,management,routers,apache,analytics,soa,active directory,databases,firewalls,splunk,middleware,monitoring,problem solving,servers,virtualization,infrastructure management"
556,,,,,,"cybersecurity,security,communication,management,problem solving,program management,teamwork,integration"
557,,,,,,"analysis,management,leadership,pmp,business requirements,program management,finance"
558,,,,,,"analysis,consulting,compliance,management,market research"
559,java,,,,,
560,"java,python,php",ruby on rails,mysql,,,"perl,html"
561,,,,windows,"linux,google cloud platform","monitoring,amazon web services,technical support,system administration,scripting,windows azure"
562,python,,,windows,linux,"vmware,perl,intrusion,xendesktop,bash,windows server,systems engineering,scripting,testing,powershell"
563,,,,,,"risk management,integration,security,consulting,sdlc,management,computer science,strategy,testing,teamwork,continuous integration,quality assurance"
564,"java,sql",spring,,,,"consulting,analysis,hibernate,test cases,communication,computer science,springboot,j2ee,rest,junit,teamwork,agile methodologies"
565,java,,,,,"test driven development,hibernate,springboot,jpa,soapui,json,agile methodologies,jenkins"
566,,,,,,"unix shell scripting,cognos,data warehousing"
567,,,,,,"technical support,microsoft office,customer service,troubleshooting"
568,"python,java",django,"redis,mysql",,"kubernetes,docker","consulting,html5,distributed systems,leadership,css,web applications,testing,celery"
569,,,,,,"artificial intelligence,robotic process automation,automation,machine learning"
570,,,mongodb,,linux,"oracle database,system administration"
571,java,,,,,"business analysis,analysis,management,j2ee,project management,adobe experience manager"
572,"php,java",,"redis,mysql",,,"apis,symfony,security compliance,troubleshooting,business requirements,jenkins,high availability,a,unix,amazon web services,jvm,kafka,online advertising,analytics,communication,machine learning,b testing,ansible"
573,,,,windows,,"active directory,testing,windows server,computer science,microsoft office,leadership,troubleshooting,scripting"
574,,,,,,"machine learning,solution architecture,application development,amazon s3,amazon web services,cloud storage,devops,system deployment,enterprise software,cloud computing,amazon ec2,big data,web development,mobile application development,automation,artificial intelligence"
575,java,,,,"linux,docker","perl,.net,qtp,devops,web testing,tcl"
576,"javascript,php",react.js,,,,"html5,redux"
577,,,,,,"business analysis,writing,process improvement,analysis,ui development,requirements analysis,agile methodologies,business requirements,requirements gathering,business process"
578,java,,,,,html5
579,"java,python",,,,linux,"terraform,tcp,networking,ansible,ip,jenkins,kernel"
580,"javascript,ruby","ruby on rails,jquery",mongodb,,,"rspec,web applications,leadership,json,angularjs,open source,git"
581,,,,,,"wireless,communication,reach,testing,management,computer hardware,routers,networking,switches,lan,cisco technologies"
582,,express,,,linux,"integration,network administration,wan,troubleshooting,ethernet,testing,telecommunications,management,routers,networking,compliance,wireless,communication,ip,ip,servers,computer science,ccna,tcp,switches,scripting,electrical engineering,lan,visio,data center,wireless networking"
583,,,,,,"integration,technical support,troubleshooting,testing,management,routers,networking,sensors,voip,wireless,reach,operating systems,ip,monitoring,ip,information technology,computer hardware,tcp,switches,lan"
584,"php,python,sql",,,,linux,"testing,bgp,shell scripting,vmware,ubuntu,analysis,unix,management,ospf,networking,compliance,centos,apache,security,ccnp,wireless,communication,databases,snmp,ip,noc,perl,monitoring,ip,bash,servers,computer science,ccna,tcp,scripting,electrical engineering,red hat,visio"
585,,express,,,linux,"firmware,integration,network administration,vpn,wan,network architecture,ethernet,testing,bgp,storage,vmware,analysis,telecommunications,management,ospf,spanning tree,routers,compliance,networking,cisco technologies,windows azure,security,ccnp,wireless,communication,firewalls,leadership,ip,perl,monitoring,ip,business intelligence,servers,ccna,tcp,switches,scripting,electrical engineering,lan,paas,visio,data center,wireshark"
586,,express,,,linux,"firmware,integration,network administration,vpn,wan,network architecture,ethernet,testing,bgp,storage,vmware,analysis,telecommunications,management,ospf,spanning tree,routers,compliance,networking,cisco technologies,windows azure,security,ccnp,wireless,communication,firewalls,leadership,ip,perl,monitoring,ip,business intelligence,servers,ccna,tcp,switches,scripting,electrical engineering,lan,paas,visio,data center,wireshark"
587,,,,,,"wireless,communication,reach,testing,management,computer hardware,autocad,routers,networking,switches,electrical engineering,lan,cisco technologies"
588,,express,,,linux,"integration,network administration,wan,troubleshooting,ethernet,testing,telecommunications,management,routers,networking,compliance,wireless,communication,ip,ip,servers,computer science,ccna,tcp,switches,scripting,electrical engineering,lan,visio,data center,wireless networking"
589,,,,,,"integration,technical support,troubleshooting,testing,management,routers,networking,sensors,voip,wireless,reach,operating systems,ip,monitoring,ip,information technology,computer hardware,tcp,switches,lan"
590,"php,python,sql",,,,linux,"testing,bgp,shell scripting,vmware,ubuntu,analysis,unix,management,ospf,networking,compliance,centos,apache,security,ccnp,wireless,communication,databases,snmp,ip,noc,perl,monitoring,ip,bash,servers,computer science,ccna,tcp,scripting,electrical engineering,red hat,visio"
591,,express,,,linux,"firmware,integration,network administration,vpn,wan,network architecture,ethernet,testing,bgp,storage,vmware,analysis,telecommunications,management,ospf,spanning tree,routers,compliance,networking,cisco technologies,windows azure,security,ccnp,wireless,communication,firewalls,leadership,ip,perl,monitoring,ip,business intelligence,servers,ccna,tcp,switches,scripting,electrical engineering,lan,paas,visio,data center,wireshark"
592,,express,,,linux,"firmware,integration,network administration,vpn,wan,network architecture,ethernet,testing,bgp,storage,vmware,analysis,telecommunications,management,ospf,spanning tree,routers,compliance,networking,cisco technologies,windows azure,security,ccnp,wireless,communication,firewalls,leadership,ip,perl,monitoring,ip,business intelligence,servers,ccna,tcp,switches,scripting,electrical engineering,lan,paas,visio,data center,wireshark"
593,,,,,,"data analysis,entity framework,testing,agile methodologies,sql server"
594,ruby,ruby on rails,,,,"test cases,qa engineering,test planning,cucumber,testing,agile methodologies,automation"
595,"c,python",,,,,"fortran,sas,performance testing,systems engineering,simulations,t-sql,analytics"
596,"sql,c++",,,,,"risk management,analysis,communication,project management,finance"
597,"javascript,sql,java",,,,,"react native,graphql,microservices,node.js"
598,,,,,,"cisa,information security,sdlc,communication,security,problem solving,gdpr,cism,powerpoint,compliance,pci,visio,open source,cissp"
599,,,,,,"risk management,wan,risk management framework (rmf,analysis,intrusion,system design,testing,management,compliance,security,information security,wireless,communication,vulnerability,monitoring,information technology,servers,nist,lan,soc"
600,"javascript,c#",react.js,,,,"css,redux,node.js"
601,,asp.net,,,,".net,mvc"
602,,,,,,"consulting,monitoring,microsoft office,project planning,teamwork,sharepoint"
603,javascript,,,,,"css,web development,html,sharepoint"
604,,,,windows,,"vmware,security,active directory,xendesktop,information technology,windows server,servers,sccm,firewalls,system administration,troubleshooting,dns,citrix,virtualization,networking"
605,,,,,,"unix,jira"
606,"javascript,c#,java,python",react.js,elasticsearch,,,"apache,pki,hadoop,amazon web services,node.js"
607,"javascript,c#,java,python",react.js,,,,node.js
608,sql,,"microsoft sql server,oracle",windows,"linux,google cloud platform","db2,sql server,unix,management,amazon web services,performance tuning,windows azure,security,options,data analysis,communication,sas,databases,operating systems,flash,metadata,business intelligence,teradata"
609,javascript,react.js,,,,redux
610,"sql,python",,,,,"netbackup,unix,hadoop,data modeling,teradata,scripting,performance tuning"
611,"sql,python",,,,,"security,analysis,netbackup,unix,hadoop,management,data modeling,teradata,scripting,performance tuning,shell scripting,etl,automation"
612,php,drupal,,,docker,"apis,entity framework,ajax,json"
613,"javascript,c++,java",,,,linux,"communication,devops,j2ee,web applications,troubleshooting,b2b,angularjs,node.js"
614,,,,,,"apis,security,hadoop,management,computer science,rest,big data"
615,java,"spring,jquery",,,,"security,monitoring,communication,ip,j2ee,struts,compliance,angular,nessus,threat modeling,angularjs,dast,sast"
