,Job_Id,dart,php,webassembly,f#,typescript,python,c++,javascript,erlang,rust,vba,bash/shell/powershell,c,kotlin,html/css,r,objective-c,java,other(s):,sql,clojure,assembly,go,ruby,c#,swift,elixir,scala
0,1,,,,,,,,,,,,,,,,,,,,1,,,,,,,,
1,2,,,,,,,,,,,,,,,,,,,,,,,,,,,,
2,3,,,,,,,,1,,,,,,,,,,,,,,,,,,,,
3,4,,,,,,,,,,,,,,,,,,1,,,,,,,,,,
4,5,,,,,,,,1,,,,,,,,,,,,,,,,,,,,
5,6,,,,,,,,1,,,,,,,,,,,,,,,,,,,,
6,7,,,,,,,,,,,,,,,,,,,,,,,,,,,,
7,8,,,,,,,,,,,,,,,,,,1,,,,,,,,,,
8,9,,,,,,,,,,,,,,,,,,1,,,,,,,,,,
9,10,,,,,,,,,,,,,,,,,,,,,,,,,,,,
10,11,,,,,,,,,,,,,,,,,,,,,,,,,,,,
11,12,,,,,,,,,,,,,,,,,,,,,,,,,,,,
12,13,,,,,,,,1,,,,,,,,,,,,,,,,,,,,
13,14,,,,,,,,,,,,,,,,,,,,,,,,,,,,
14,15,,,,,,,,,,,,,,,,,,,,,,,,,,,,
15,16,,,,,,,,,,,,,,,,,,,,,,,,,,,,
16,17,,,,,,,,,,,,,,,,,,,,,,,,,,,,
17,18,,,,,,,,1,,,,,,,,,,,,,,,,,,,,
18,19,,,,,,,,1,,,,,,,,,,,,,,,,,,,,
19,20,,,,,,,,1,,,,,,,,,,,,,,,,,,,,
20,21,,,,,,,,,,,,,,,,,,,,,,,,,,,,
21,22,,,,,,,,1,,,,,,,,,,,,,,,,,,,,
22,23,,,,,,,,,,,,,,,,,,,,,,,,,,,,
23,24,,,,,,,,,,,,,,,,,,,,,,,,,,,,
24,25,,,,,,,,,,,,,,,,,,1,,,,,,,,,,
25,26,,,,,,,,,,,,,,,,,,1,,,,,,,,,,
26,27,,,,,,,,,,,,,,,,,,1,,,,,,,,,,
27,28,,,,,,,,,,,,,,,,,,1,,,,,,,,,,
28,29,,,,,,,,,,,,,,,,,,,,,,,,,,,,
29,30,,,,,,,,,,,,,,,,,,1,,,,,,,,,,
30,31,,,,,,,,,,,,,,,,,,1,,,,,,,,,,
31,32,,,,,,,,1,,,,,,,,,,,,,,,,,,,,
32,33,,,,,,,,,,,,,,,,,,,,,,,,,,,,
33,34,,,,,,,,1,,,,,,,,,,,,,,,,,,,,
34,35,,,,,,,,1,,,,,,,,,,,,,,,,,,,,
35,36,,,,,,,,,,,,,,,,,,1,,,,,,,,,,
36,37,,,,,,,1,,,,,,,,,,,,,,,,,,,,,
37,38,,,,,,,,,,,,,,,,,,1,,,,,,,,,,
38,39,,,,,,,,,,,,,,,,,,,,,,,,,,,,
39,40,,,,,,1,,,,,,,,,,,,,,,,,,,,,,
40,41,,,,,,,,,,,,,,,,,,1,,,,,,,,,,
41,42,,,,,,,,,,,,,,,,,,1,,,,,,,,,,
42,43,,,,,,,,,,,,,,,,,,,,,,,,,,,,
43,44,,,,,,,,,,,,,,,,,,,,,,,,,,,,
44,45,,,,,,,,,,,,,,,,,,,,,,,,,,,,
45,46,,,,,,,,,,,,,,,,,,1,,,,,,,,,,
46,47,,,,,,,,,,,,,,,,,,,,1,,,,,,,,
47,48,,,,,,,,,,,,,,,,,,,,,,,,,,,,
48,49,,,,,,,,,,,,,,,,,,,,,,,,,,,,
49,50,,,,,,,,,,,,,,,,,,,,,,,,,,,,
50,51,,,,,,,,1,,,,,,,,,,,,,,,,,,,,
51,52,,,,,,,,,,,,,,,,,,1,,,,,,,,,,
52,53,,,,,,,,,,,,,,,,,,,,,,,,,,,,
53,54,,,,,,,,1,,,,,,,,,,,,,,,,,,,,
54,55,,,,,,,,,,,,,,,,,,1,,,,,,,,,,
55,56,,,,,,,,,,,,,,,,,,,,,,,,,,,,
56,57,,,,,,,,,,,,,,,,,,1,,,,,,,,,,
57,58,,,,,,,,,,,,,,,,,,1,,,,,,,,,,
58,59,,,,,,,,,,,,,,,,,,1,,,,,,,,,,
59,60,,,,,,1,,,,,,,,,,,,,,,,,,,,,,
60,61,,,,,,,,1,,,,,,,,,,,,,,,,,,,,
61,62,,,,,,,,,,,,,,,,,,,,,,,,,,,,
62,63,,,,,,,,,,,,,,,,,,,,,,,,,,,,
63,64,,,,,,,,,,,,,,,,,,,,,,,,,,,,
64,65,,,,,,,,,,,,,,,,,,,,,,,,,,,,
65,66,,,,,,,,,,,,,,,,,,,,,,,,,,,,
66,67,,,,,,,,,,,,,,,,,,,,,,,,,,,,
67,68,,,,,,,,1,,,,,,,,,,,,,,,,,,,,
68,69,,,,,,,,,,,,,,,,,,,,,,,,,,,,
69,70,,,,,,,,,,,,,,,,,,,,,,,,,,,,
70,71,,,,,,,,,,,,,,,,,,,,,,,,,,,,
71,72,,,,,,1,,,,,,,,,,,,,,,,,,,,,,
72,73,,,,,,,,,,,,,,,,,,,,,,,,,,,,
73,74,,,,,,,,1,,,,,,,,,,,,,,,,,,,,
74,75,,,,,,,,,,,,,,,,,,,,1,,,,,,,,
75,76,,,,,,1,,,,,,,,,,,,,,,,,,,,,,
76,77,,,,,,,,,,,,,,,,,,1,,,,,,,,,,
77,78,,,,,,1,,,,,,,,,,,,,,,,,,,,,,
78,79,,,,,,,,,,,,,,,,,,1,,,,,,,,,,
79,80,,,,,,,,,,,,,,,,,,,,,,,,,,,,
80,81,,,,,,,,,,,,,,,,,,,,,,,,,,,,
81,82,,,,,,,,1,,,,,,,,,,,,,,,,,,,,
82,83,,,,,,,,,,,,,,,,,,,,,,,,,,,,
83,84,,,,,,,,,,,,,,,,,,,,,,,,,,,,
84,85,,,,,,,,,,,,,,,,,,,,,,,,,,,,
85,86,,,,,,,,,,,,,,,,,,,,,,,,,,,,
86,87,,,,,,,,,,,,,,,,,,1,,,,,,,,,,
87,88,,,,,,1,,,,,,,,,,,,,,,,,,,,,,
88,89,,,,,,,,1,,,,,,,,,,,,,,,,,,,,
89,90,,,,,,,,,,,,,,,,,,,,,,,,,,,,
90,91,,,,,,,,,,,,,,,,,,,,,,,,,,,,
91,92,,,,,,,,,,,,,,,,,,,,,,,,,,,,
92,93,,,,,,,,1,,,,,,,,,,,,,,,,,,,,
93,94,,,,,,,,1,,,,,,,,,,,,,,,,,,,,
94,95,,,,,,,,,,,,,,,,,,,,,,,,,,,,
95,96,,,,,,,,,,,,,,,,,,,,,,,,,,,,
96,97,,,,,,,,,,,,,,,,,,,,,,,,,,,,
97,98,,,,,,,,,,,,,,,,,,,,,,,,,,,,
98,99,,,,,,,,,,,,,,,,,,,,,,,,,,,,
99,100,,,,,,,,,,,,,,,,,,1,,,,,,,,,,
100,101,,,,,,,,,,,,,,,,,,1,,,,,,,,,,
101,102,,,,,,,,,,,,,,,,,,,,,,,,,,,,
102,103,,,,,,,,,,,,,,,,,,,,,,,,,,,,
103,104,,,,,,,,,,,,,,,,,,1,,,,,,,,,,
104,105,,,,,,1,,,,,,,,,,,,,,,,,,,,,,
105,106,,,,,,,,,,,,,,,,,,,,1,,,,,,,,
106,107,,,,,,,,,,,,,,,,,,,,,,,,,,,,
107,108,,,,,,,,,,,,,,,,,,,,,,,,,,,,
108,109,,,,,,,,,,,,,,,,,,,,,,,,,,,,
109,110,,,,,,,,,,,,,,,,,,1,,,,,,,,,,
110,111,,,,,,,,,,,,,,,,,,,,,,,,,,,,
111,112,,,,,,,,,,,,,,,,,,,,,,,,,,,,
112,113,,,,,,,,1,,,,,,,,,,,,,,,,,,,,
113,114,,,,,,,,,,,,,,,,,,,,,,,,,,,,
114,115,,,,,,,,,,,,,,,,,,,,,,,,,,,,
115,116,,,,,,,,1,,,,,,,,,,,,,,,,,,,,
116,117,,,,,,,,,,,,,,,,,,,,,,,,,,,,
117,118,,,,,,,,,,,,,,,,,,,,,,,,,,,,
118,119,,,,,,,,1,,,,,,,,,,,,,,,,,,,,
119,120,,,,,,,,1,,,,,,,,,,,,,,,,,,,,
120,121,,,,,,,,,,,,,,,,,,1,,,,,,,,,,
121,122,,,,,,,,,,,,,,,,,,,,1,,,,,,,,
122,123,,,,,,,,,,,,,,,,,,1,,,,,,,,,,
123,124,,,,,,,,,,,,,,,,,,1,,,,,,,,,,
124,125,,,,,,,,,,,,,,,,,,,,,,,,,,,,
125,126,,,,,,,,,,,,,,,,,,,,,,,,,,,,
126,127,,,,,,,,,,,,,,,,,,,,,,,,,,,,
127,128,,,,,,,,1,,,,,,,,,,,,,,,,,,,,
128,129,,,,,,,,,,,,,,,,,,,,,,,,,,,,
129,130,,,,,,,,1,,,,,,,,,,,,,,,,,,,,
130,131,,,,,,,,,,,,,,,,,,,,,,,,,,,,
131,132,,,,,,,,,,,,,,,,,,,,,,,,,,,,
132,133,,,,,,,,,,,,,,,,,,,,,,,,,,,,
133,134,,,,,,,,,,,,,,,,,,1,,,,,,,,,,
134,135,,,,,,,,,,,,,,,,,,1,,,,,,,,,,
135,136,,,,,,,,,,,,,,,,,,,,,,,,,,,,
136,137,,,,,,1,,,,,,,,,,,,,,,,,,,,,,
137,138,,,,,,,,1,,,,,,,,,,,,,,,,,,,,
138,139,,,,,,,,1,,,,,,,,,,,,,,,,,,,,
139,140,,,,,,,,,,,,,,,,,,,,,,,,,,,,
140,141,,,,,,,,,,,,,,,,,,1,,,,,,,,,,
141,142,,,,,,,,,,,,,,,,,,1,,,,,,,,,,
142,143,,,,,,,,,,,,,,,,,,1,,,,,,,,,,
143,144,,,,,,,,,,,,,,,,,,,,,,,,,,,,
144,145,,,,,,,,,,,,,,,,,,,,,,,,,,,,
145,146,,,,,,,,,,,,,,,,,,,,,,,,,,,,
146,147,,,,,,,,,,,,,,,,,,,,,,,,,,,,
147,148,,,,,,,,,,,,,,,,,,1,,,,,,,,,,
148,149,,,,,,,,,,,,,,,,,,,,,,,,,,,,
149,150,,,,,,,,,,,,,,,,,,,,,,,,,,,,
150,151,,,,,,,,,,,,,,,,,,1,,,,,,,,,,
151,152,,,,,,,,,,,,,,,,,,,,,,,,,,,,
152,153,,,,,,,,1,,,,,,,,,,,,,,,,,,,,
153,154,,,,,,,,,,,,,,,,,,1,,,,,,,,,,
154,155,,,,,,1,,,,,,,,,,,,,,,,,,,,,,
155,156,,,,,,1,,,,,,,,,,,,,,,,,,,,,,
156,157,,,,,,,,,,,,,,,,,,,,,,,,,,,,
157,158,,,,,,,,,,,,,,,,,,,,,,,,,,,,
158,159,,,,,,1,,,,,,,,,,,,,,,,,,,,,,
159,160,,,,,,,,,,,,,,,,,,,,,,,,,,,,
160,161,,,,,,,,,,,,,,,,,,,,,,,,,,,,
161,162,,,,,,,,,,,,,,,,,,,,,,,,,,,,
162,163,,1,,,,,,,,,,,,,,,,,,,,,,,,,,
163,164,,,,,,,,,,,,,,,,,,,,,,,,,,,,
164,165,,,,,,,,,,,,,,,,,,,,,,,,,,1,,
165,166,,,,,,,,,,,,,,,,,,,,,,,,,,,,
166,167,,,,,,,,,,,,,,,,,,,,,,,,,,,,
167,168,,,,,,,,,,,,,,,,,,,,,,,,,,,,
168,169,,,,,,,,,,,,,,,,,,1,,,,,,,,,,
169,170,,,,,,,,,,,,,,,,,,,,,,,,,,,,
170,171,,,,,,,,,,,,,,,,,,1,,,,,,,,,,
171,172,,,,,,,,,,,,,,,,,,1,,,,,,,,,,
172,173,,,,,,,,,,,,,,,,,,,,,,,,,,,,
173,174,,,,,,,,,,,,,,,,,,,,,,,,,,,,
174,175,,,,,,,,1,,,,,,,,,,,,,,,,,,,,
175,176,,,,,,,,,,,,,,,,,,,,,,,,,,,,
176,177,,,,,,,,1,,,,,,,,,,,,,,,,,,,,
177,178,,,,,,,,,,,,,,,,,,,,,,,,,,,,
178,179,,,,,,,,1,,,,,,,,,,,,,,,,,,,,
179,180,,,,,,,,,,,,,,,,,,,,,,,,,,,,
180,181,,,,,,,,,,,,,,,,,,,,,,,,,1,,,
181,182,,,,,,1,,,,,,,,,,,,,,,,,,,,,,
182,183,,,,,,,,,,,,,,,,,,,,,,,,,,,,
183,184,,,,,,,,,,,,,,,,,,,,,,,,,,,,
184,185,,,,,,,,,,,,,,,,,,,,,,,,,,,,
185,186,,,,,,,,,,,,,,,,,,,,,,,,,,,,
186,187,,,,,,,,,,,,,,,,,,,,,,,,,,,,
187,188,,,,,,,,,,,,,,,,,,,,,,,,,1,,,
188,189,,,,,,,,,,,,,,,,,,,,,,,,,,,,
189,190,,,,,,,,,,,,,,,,,,,,,,,,,,,,
190,191,,,,,,,,,,,,,,,,,,,,1,,,,,,,,
191,192,,,,,,,,,,,,,,,,,,1,,,,,,,,,,
192,193,,,,,,,,,,,,,,,,,,,,,,,,,,,,
193,194,,,,,,,,,,,,,,,,,,,,,,,,,,,,
194,195,,,,,,,,,,,,,,,,,,,,,,,,,,,,
195,196,,,,,,,,,,,,,,,,,,1,,,,,,,,,,
196,197,,,,,,,,1,,,,,,,,,,,,,,,,,,,,
197,198,,,,,,,,,,,,,,,,,,1,,,,,,,,,,
198,199,,,,,,,,,,,,,,,,,,,,,,,,,,,,
199,200,,,,,,,,1,,,,,,,,,,,,,,,,,,,,
200,201,,,,,,,,,,,,,,,,,,1,,,,,,,,,,
201,202,,,,,,,,,,,,,,,,,,,,,,,,,,,,
202,203,,,,,,,,1,,,,,,,,,,,,,,,,,,,,
203,204,,,,,,,,,,,,,,,,,,,,,,,,,,,,
204,205,,,,,,1,,,,,,,,,,,,,,,,,,,,,,
205,206,,,,,,,,,,,,,,,,,,,,,,,,,,,,
206,207,,,,,,,,,,,,,,,,,,,,,,,,,,,,
207,208,,,,,,,,1,,,,,,,,,,,,,,,,,,,,
208,209,,,,,,,,,,,,,,,,,,,,1,,,,,,,,
209,210,,,,,,,,,,,,,,,,,,,,,,,,,,,,
210,211,,,,,,,,,,,,,,,,,,,,,,,,,,,,
211,212,,,,,,,,,,,,,,,,,,,,,,,,,,,,
212,213,,,,,,,,,,,,,,,,,,,,,,,,,,,,
213,214,,,,,,,,,,,,,,,,,,1,,,,,,,,,,
214,215,,,,,,,,,,,,,,,,,,,,,,,,,,,,
215,216,,,,,,,,1,,,,,,,,,,,,,,,,,,,,
216,217,,,,,,,,1,,,,,,,,,,,,,,,,,,,,
217,218,,,,,,,,,,,,,,,,,,,,,,,,,,,,
218,219,,,,,,,,,,,,,,,,,,,,,,,,,,,,
219,220,,,,,,,,,,,,,,,,,,,,1,,,,,,,,
220,221,,,,,,,,,,,,,,,,,,,,,,,,,,,,
221,222,,,,,,,,,,,,,,,,,,,,,,,,,,,,
222,223,,,,,,,,,,,,,,,,,,1,,,,,,,,,,
223,224,,,,,,,,,,,,,,,,,,,,,,,,,,,,
224,225,,,,,,,,,,,,,,,,,,,,,,,,,,,,
225,226,,,,,,1,,,,,,,,,,,,,,,,,,,,,,
226,227,,,,,,,,,,,,,,,,,,,,,,,,,,,,
227,228,,,,,,,,,,,,,,,,,,,,,,,,,,,,
228,229,,,,,,,,,,,,,,,,,,,,,,,,,,,,
229,230,,,,,,,,,,,,,,,,,,,,,,,,,,,,
230,231,,,,,,,,,,,,,,,,,,1,,,,,,,,,,
231,232,,,,,,,,,,,,,,,,,,,,,,,,,,,,
232,233,,,,,,,,,,,,,,,,,,,,,,,,,,,,
233,234,,,,,,,,,,,,,,,,,,,,,,,,,,,,
234,235,,,,,,,,,,,,,,,,,,,,,,,,,,,,
235,236,,,,,,,,1,,,,,,,,,,,,,,,,,,,,
236,237,,,,,,,,,,,,,,,,,,1,,,,,,,,,,
237,238,,,,,,,,,,,,,,,,,,1,,,,,,,,,,
238,239,,,,,,,,,,,,,,,,,,,,,,,,,,,,
239,240,,,,,,,,1,,,,,,,,,,,,,,,,,,,,
240,241,,,,,,,,,,,,,,,,,,1,,,,,,,,,,
241,242,,,,,,,,,,,,,,,,,,,,,,,,,,,,
242,243,,,,,,,,,,,,,,,,,,,,,,,,,,,,
243,244,,,,,,,,,,,,,,,,,,,,,,,,,,,,
244,245,,,,,,,,,,,,,,,,,,,,1,,,,,,,,
245,246,,,,,,,,,,,,,,,,,,1,,,,,,,,,,
246,247,,,,,,,,1,,,,,,,,,,,,,,,,,,,,
247,248,,,,,,,,,,,,,,,,,,,,,,,,,,,,
248,249,,,,,,,,,,,,,,,,,,1,,,,,,,,,,
249,250,,,,,,,,,,,,,,,,,,1,,,,,,,,,,
250,251,,,,,,,,,,,,,,,,,,,,,,,,,,,,
251,252,,,,,,,,,,,,,,,,,,,,,,,,,,,,
252,253,,,,,,,,,,,,,,,,,,,,,,,,,,,,
253,254,,,,,,1,,,,,,,,,,,,,,,,,,,,,,
254,255,,,,,,,,,,,,,,,,,,,,,,,,,,,,
255,256,,,,,,,,,,,,,,,,,,,,,,,,,,,,
256,257,,,,,,,,,,,,,,,,,,,,,,,,,,,,
257,258,,,,,,,,,,,,,,,,,,,,,,,,,,,,
258,259,,,,,,,,,,,,,,,,,,,,,,,,,,,,
259,260,,,,,,,,,,,,,,,,,,,,,,,,,,,,
260,261,,,,,,,,,,,,,,,,,,,,,,,,,,,,
261,262,,,,,,,,,,,,,,,,,,,,,,,,,,,,
262,263,,,,,,,,,,,,,,,,,,1,,,,,,,,,,
263,264,,,,,,,,,,,,,,,,,,,,,,,,,,,,
264,265,,,,,,,,1,,,,,,,,,,,,,,,,,,,,
265,266,,,,,,,,1,,,,,,,,,,,,,,,,,,,,
266,267,,,,,,,,1,,,,,,,,,,,,,,,,,,,,
267,268,,,,,,,,,,,,,,,,,,,,,,,,,,,,
268,269,,,,,,,,,,,,,,,,,,,,,,,,,,,,
269,270,,,,,,,,,,,,,,,,,,1,,,,,,,,,,
270,271,,,,,,,,,,,,,,,,,,,,,,,,,,,,
271,272,,,,,,,,,,,,,,,,,,,,,,,,,,,,
272,273,,,,,,,,,,,,,,,,,,,,,,,,,,,,
273,274,,,,,,,,1,,,,,,,,,,,,,,,,,,,,
274,275,,,,,,,,,,,,,,,,,,,,,,,,,,,,
275,276,,,,,,,,,,,,,,,,,,,,,,,,,,,,
276,277,,,,,,,,1,,,,,,,,,,,,,,,,,,,,
277,278,,,,,,,,,,,,,,,,,,,,,,,,,,,,
278,279,,,,,,,,,,,,,,,,,,,,,,,,,,,,
279,280,,,,,,,,,,,,,,,,,,1,,,,,,,,,,
280,281,,,,,,1,,,,,,,,,,,,,,,,,,,,,,
281,282,,,,,,,,,,,,,,,,,,,,,,,,,,,,
282,283,,,,,,,,,,,,,,,,,,,,,,,,,,,,
283,284,,,,,,,,1,,,,,,,,,,,,,,,,,,,,
284,285,,,,,,,,,,,,,,,,,,,,,,,,,,,,
285,286,,,,,,,,,,,,,,,,,,,,,,,,,,,,
286,287,,,,,,,,1,,,,,,,,,,,,,,,,,,,,
287,288,,,,,,,,,,,,,,,,,,,,,,,,,,,,
288,289,,,,,,,,,,,,,,,,,,,,,,,,,,,,
289,290,,,,,,,,,,,,,,,,,,,,,,,,,,,,
290,291,,,,,,1,,,,,,,,,,,,,,,,,,,,,,
291,292,,,,,,,,,,,,,,,,,,,,,,,,,,,,
292,293,,,,,,,,,,,,,,,,,,,,,,,,,,,,
293,294,,,,,,,,,,,,,,,,,,,,,,,,,,,,
294,295,,,,,,,,,,,,,,,,,,,,,,,,,,,,
295,296,,,,,,,,1,,,,,,,,,,,,,,,,,,,,
296,297,,,,,,,,,,,,,,,,,,,,,,,,,,,,
297,298,,,,,,,,1,,,,,,,,,,,,,,,,,,,,
298,299,,,,,,,,,,,,,,,,,,,,,,,,,,,,
299,300,,,,,,,,1,,,,,,,,,,,,,,,,,,,,
300,301,,,,,,,,,,,,,,,,,,,,,,,,,,,,
301,302,,,,,,,,1,,,,,,,,,,,,,,,,,,,,
302,303,,,,,,1,,,,,,,,,,,,,,,,,,,,,,
303,304,,,,,,,,,,,,,,,,,,,,,,,,,,,,
304,305,,,,,,,,,,,,,,,,,,,,,,,,,,,,
305,306,,,,,,,,1,,,,,,,,,,,,,,,,,,,,
306,307,,,,,,,,,,,,,,,,,,,,,,,,,,,,
307,308,,,,,,,,,,,,,,,,,,,,,,,,,,,,
308,309,,,,,,,,1,,,,,,,,,,,,,,,,,,,,
309,310,,,,,,,,1,,,,,,,,,,,,,,,,,,,,
310,311,,,,,,,,,,,,,,,,,,,,,,,,,,,,
311,312,,,,,,,,,,,,,,,,,,1,,,,,,,,,,
312,313,,,,,,,,,,,,,,,,,,1,,,,,,,,,,
313,314,,,,,,,,1,,,,,,,,,,,,,,,,,,,,
314,315,,,,,,,,1,,,,,,,,,,,,,,,,,,,,
315,316,,,,,,,,,,,,,,,,,,,,,,,,,,,,
316,317,,,,,,,,,,,,,,,,,,1,,,,,,,,,,
317,318,,,,,,,,,,,,,,,,,,1,,,,,,,,,,
318,319,,,,,,,,,,,,,,,,,,,,,,,,,,,,
319,320,,,,,,,,,,,,,,,,,,,,,,,,,,,,
320,321,,,,,,,,,,,,,,,,,,,,,,,,,,,,
321,322,,,,,,,,,,,,,,,,,,,,,,,,,,,,
322,323,,,,,,,,,,,,,,,,,,,,,,,,,,,,
323,324,,,,,,,,,,,,,,,,,,,,,,,,,,,,
324,325,,,,,,,,,,,,,,,,,,,,,,,,,,,,
325,326,,,,,,,,,,,,,,,,,,1,,,,,,,,,,
326,327,,,,,,,,1,,,,,,,,,,,,,,,,,,,,
327,328,,,,,,,,,,,,,,,,,,1,,,,,,,,,,
328,329,,,,,,,,,,,,,,,,,,1,,,,,,,,,,
329,330,,,,,,,,,,,,,,,,,,1,,,,,,,,,,
330,331,,,,,,,,,,,,,,,,,,,,,,,,,,,,
331,332,,,,,,,,,,,,,,,,,,,,,,,,,,,,
332,333,,,,,,,,,,,,,,,,,,,,,,,,,,,,
333,334,,,,,,,,1,,,,,,,,,,,,,,,,,,,,
334,335,,,,,,,,,,,,,,,,,,,,,,,,,,,,
335,336,,,,,,,,,,,,,,,,,,,,1,,,,,,,,
336,337,,,,,,,,,,,,,,,,,,,,,,,,,,,,
337,338,,,,,,,,,,,,,,,,,,,,,,,,,,,,
338,339,,,,,,,,,,,,,,,,,,1,,,,,,,,,,
339,340,,,,,,,,,,,,,,,,,,,,,,,,,,,,
340,341,,,,,,,,,,,,,,,,,,,,,,,,,,,,
341,342,,,,,,,,,,,,,,,,,,,,,,,,,,,,
342,343,,,,,,,,1,,,,,,,,,,,,,,,,,,,,
343,344,,,,,,,,,,,,,,,,,,,,,,,,,,,,
344,345,,,,,,,,,,,,,,,,,,,,,,,,,,,,
345,346,,,,,,,,1,,,,,,,,,,,,,,,,,,,,
346,347,,,,,,,,,,,,,,,,,,1,,,,,,,,,,
347,348,,,,,,,,,,,,,,,,,,,,,,,,,,,,
348,349,,,,,,,,,,,,,,,,,,,,,,,,,,,,
349,350,,,,,,,,1,,,,,,,,,,,,,,,,,,,,
350,351,,,,,,,,,,,,,,,,,,,,,,,,,,,,
351,352,,,,,,,,,,,,,,,,,,,,,,,,,,,,
352,353,,,,,,,,1,,,,,,,,,,,,,,,,,,,,
353,354,,,,,,,,,,,,,,,,,,1,,,,,,,,,,
354,355,,,,,,,,,,,,,,,,,,1,,,,,,,,,,
355,356,,,,,,,,,,,,,,,,,,,,,,,,,,,,
356,357,,,,,,,,,,,,,,,,,,,,,,,,,,,,
357,358,,,,,,,,,,,,,,,,,,1,,,,,,,,,,
358,359,,,,,,,,,,,,,,,,,,1,,,,,,,,,,
359,360,,,,,,,,,,,,,,,,,,,,,,,,,,,,
360,361,,,,,,,,1,,,,,,,,,,,,,,,,,,,,
361,362,,,,,,,,,,,,,,,,,,,,,,,,,,,,
362,363,,,,,,,,,,,,,,,,,,,,,,,,,,,,
363,364,,,,,,,,,,,,,,,,,,,,,,,,,,,,
364,365,,,,,,,,,,,,,,,,,,,,,,,,,,,,
365,366,,,,,,,,,,,,,,,,,,1,,,,,,,,,,
366,367,,,,,,,,,,,,,,,,,,1,,,,,,,,,,
367,368,,,,,,1,,,,,,,,,,,,,,,,,,,,,,
368,369,,,,,,,,1,,,,,,,,,,,,,,,,,,,,
369,370,,,,,,,,,,,,,,,,,,,,,,,,,,,,
370,371,,,,,,,,1,,,,,,,,,,,,,,,,,,,,
371,372,,,,,,,,,,,,,,,,,,,,,,,,,,,,
372,373,,,,,,,,,,,,,,,,,,,,,,,,,,,,
373,374,,,,,,1,,,,,,,,,,,,,,,,,,,,,,
374,375,,,,,,,,,,,,,,,,,,,,,,,,,,,,
375,376,,,,,,,,,,,,,,,,,,,,,,,,,,,,
376,377,,,,,,,,,,,,,,,,,,1,,,,,,,,,,
377,378,,,,,,,,,,,,,,,,,,1,,,,,,,,,,
378,379,,,,,,,,,,,,,,,,,,,,,,,,,,,,
379,380,,,,,,,,,,,,,,,,,,,,,,,,,,,,
380,381,,,,,,,,,,,,,,,,,,,,,,,,,,,,
381,382,,,,,,,,,,,,,,,,,,,,,,,,,,,,
382,383,,,,,,,1,,,,,,,,,,,,,,,,,,,,,
383,384,,,,,,,,1,,,,,,,,,,,,,,,,,,,,
384,385,,,,,,,,,,,,,,,,,,,,,,,,,,,,
385,386,,,,,,,,,,,,,,,,,,,,,,,,,,,,
386,387,,,,,,,,,,,,,,,,,,1,,,,,,,,,,
387,388,,,,,,1,,,,,,,,,,,,,,,,,,,,,,
388,389,,,,,,,,,,,,,,,,,,,,,,,,,,,,
389,390,,,,,,,,,,,,,,,,,,,,,,,,,,,,
390,391,,,,,,,,,,,,,,,,,,,,,,,,,,,,
391,392,,,,,,,,1,,,,,,,,,,,,,,,,,,,,
392,393,,,,,,,,1,,,,,,,,,,,,,,,,,,,,
393,394,,,,,,,,1,,,,,,,,,,,,,,,,,,,,
394,395,,,,,,,,,,,,,,,,,,,,,,,,,,,,
395,396,,,,,,,,,,,,,,,,,,,,,,,,,,,,
396,397,,,,,,,,1,,,,,,,,,,,,,,,,,,,,
397,398,,,,,,,,1,,,,,,,,,,,,,,,,,,,,
398,399,,,,,,1,,,,,,,,,,,,,,,,,,,,,,
399,400,,,,,,,,,,,,,,,,,,,,,,,,,,,,
400,401,,,,,,,,,,,,,,,,,,,,,,,,,,,,
401,402,,,,,,,,,,,,,,,,,,1,,,,,,,,,,
402,403,,,,,,,,,,,,,,,,,,1,,,,,,,,,,
403,404,,,,,,,,1,,,,,,,,,,,,,,,,,,,,
404,405,,,,,,,,,,,,,,,,,,1,,,,,,,,,,
405,406,,,,,,,,,,,,,,,,,,1,,,,,,,,,,
406,407,,,,,,,,,,,,,,,,,,1,,,,,,,,,,
407,408,,,,,,,,,,,,,,,,,,,,,,,,,,,,
408,409,,,,,,,,,,,,,,,,,,1,,,,,,,,,,
409,410,,,,,,,,,,,,,,,,,,,,,,,,,,,,
410,411,,,,,,,,,,,,,,,,,,,,,,,,,,,,
411,412,,,,,,,,,,,,,,,,,,,,,,,,,,,,
412,413,,,,,,,,,,,,,,,,,,,,,,,,,,,,
413,414,,,,,,,,1,,,,,,,,,,,,,,,,,,,,
414,415,,,,,,,,,,,,,,,,,,,,,,,,,,,,
415,416,,,,,,,,1,,,,,,,,,,,,,,,,,,,,
416,417,,,,,,,,,,,,,,,,,,,,,,,,,,,,
417,418,,,,,,,,,,,,,,,,,,,,,,,,,,,,
418,419,,,,,,,,1,,,,,,,,,,,,,,,,,,,,
419,420,,,,,,,,,,,,,,,,,,,,,,,,,,,,
420,421,,,,,,,,,,,,,,,,,,,,,,,,,,,,
421,422,,,,,,,,,,,,,,,,,,,,,,,,,,,,
422,423,,,,,,,,,,,,,,,,,,1,,,,,,,,,,
423,424,,,,,,,,,,,,,,,,,,,,,,,,,,,,
424,425,,,,,,,,,,,,,,,,,,1,,,,,,,,,,
425,426,,,,,,,,,,,,,,,,,,1,,,,,,,,,,
426,427,,,,,,,,,,,,,,,,,,,,,,,,,,,,
427,428,,,,,,,,,,,,,,,,,,,,,,,,,,,,
428,429,,,,,,1,,,,,,,,,,,,,,,,,,,,,,
429,430,,,,,,,,,,,,,,,,,,1,,,,,,,,,,
430,431,,,,,,,,,,,,,,,,,,,,,,,,,,,,
431,432,,,,,,,,,,,,,,,,,,1,,,,,,,,,,
432,433,,,,,,,,,,,,,,,,,,,,,,,,,,,,
433,434,,,,,,,,,,,,,,,,,,1,,,,,,,,,,
434,435,,,,,,1,,,,,,,,,,,,,,,,,,,,,,
435,436,,,,,,,,1,,,,,,,,,,,,,,,,,,,,
436,437,,,,,,1,,,,,,,,,,,,,,,,,,,,,,
437,438,,,,,,,,1,,,,,,,,,,,,,,,,,,,,
438,439,,,,,,,,,,,,,,,,,,,,,,,,,,,,
439,440,,,,,,,,1,,,,,,,,,,,,,,,,,,,,
440,441,,,,,,,,,,,,,,,,,,,,,,,,,,,,
441,442,,,,,,,,,,,,,,,,,,,,,,,,,,,,
442,443,,,,,,,,1,,,,,,,,,,,,,,,,,,,,
443,444,,,,,,,,,,,,,,,,,,,,,,,,,,,,
444,445,,,,,,,,,,,,,,,,,,,,,,,,,,,,
445,446,,,,,,1,,,,,,,,,,,,,,,,,,,,,,
446,447,,,,,,,,,,,,,,,,,,,,,,,,,,,,
447,448,,,,,,,,,,,,,,,,,,,,,,,,,,,,
448,449,,,,,,,,,,,,,,,,,,1,,,,,,,,,,
449,450,,,,,,,,,,,,,,,,,,,,,,,,,,,,
450,451,,,,,,,,,,,,,,,,,,,,,,,,,,,,
451,452,,,,,,,,,,,,,,,,,,1,,,,,,,,,,
452,453,,,,,,,,,,,,,,,,,,,,,,,,,,,,
453,454,,,,,,,,1,,,,,,,,,,,,,,,,,,,,
454,455,,,,,,,,,,,,,,,,,,,,,,,,,,,,
455,456,,,,,,,,,,,,,,,,,,,,,,,,,,,,
456,457,,,,,,,,,,,,,,,,,,,,,,,,,,,,
457,458,,,,,,,,,,,,,,,,,,1,,,,,,,,,,
458,459,,,,,,,,1,,,,,,,,,,,,,,,,,,,,
459,460,,,,,,,,,,,,,,,,,,,,,,,,,,,,
460,461,,,,,,,,,,,,,,,,,,,,,,,,,,,,
461,462,,,,,,,,,,,,,,,,,,1,,,,,,,,,,
462,463,,,,,,,,,,,,,,,,,,,,,,,,,,,,
463,464,,,,,,,,,,,,,,,,,,1,,,,,,,,,,
464,465,,,,,,,,,,,,,,,,,,,,,,,,,,,,
465,466,,,,,,,,,,,,,,,,,,,,1,,,,,,,,
466,467,,,,,,,,,,,,,,,,,,1,,,,,,,,,,
467,468,,,,,,,,,,,,,,,,,,,,,,,,,,,,
468,469,,,,,,,,,,,,,,,,,,,,,,,,,,,,
469,470,,,,,,,,,,,,,,,,,,,,,,,,,,,,
470,471,,,,,,,,1,,,,,,,,,,,,,,,,,,,,
471,472,,,,,,,,,,,,,,,,,,,,,,,,,,,,
472,473,,,,,,,,,,,,,,,,,,,,,,,,,,,,
473,474,,,,,,,,,,,,,,,,,,,,,,,,,,,,
474,475,,,,,,,,,,,,,,,,,,,,,,,,,,,,
475,476,,,,,,1,,,,,,,,,,,,,,,,,,,,,,
476,477,,,,,,,,,,,,,,,,,,,,,,,,,,,,
477,478,,,,,,,,,,,,,,,,,,1,,,,,,,,,,
478,479,,,,,,,,,,,,,,,,,,1,,,,,,,,,,
479,480,,,,,,,,,,,,,,,,,,1,,,,,,,,,,
480,481,,,,,,,,,,,,,,,,,,,,,,,,,,,,
481,482,,,,,,,,,,,,,,,,,,1,,,,,,,,,,
482,483,,,,,,,,,,,,,,,,,,,,,,,,,,,,
483,484,,1,,,,,,,,,,,,,,,,,,,,,,,,,,
484,485,,,,,,,,,,,,,,,,,,,,,,,,,,,,
485,486,,,,,,,,,,,,,,,,,,1,,,,,,,,,,
486,487,,,,,,,,1,,,,,,,,,,,,,,,,,,,,
487,488,,,,,,,,,,,,,,,,,,,,,,,,,,,,
488,489,,,,,,,,,,,,,,,,,,,,,,,,,,,,
489,490,,,,,,,,,,,,,,,,,,,,,,,,,,,,
490,491,,,,,,,,,,,,,,,,,,,,,,,,,,,,
491,492,,,,,,,,,,,,,,,,,,1,,,,,,,,,,
492,493,,,,,,,,1,,,,,,,,,,,,,,,,,,,,
493,494,,,,,,,,,,,,,,,,,,,,,,,,,,,,
494,495,,,,,,,,,,,,,,,,,,,,,,,,,,,,
495,496,,,,,,,,,,,,,,,,,,,,,,,,,,,,
496,497,,,,,,,,,,,,,,,,,,,,,,,,,,,,
497,498,,,,,,,,,,,,,,,,,,1,,,,,,,,,,
498,499,,,,,,1,,,,,,,,,,,,,,,,,,,,,,
499,500,,,,,,,,1,,,,,,,,,,,,,,,,,,,,
500,501,,,,,,,,,,,,,,,,,,,,,,,,,,,,
501,502,,,,,,,,1,,,,,,,,,,,,,,,,,,,,
502,503,,,,,,,,,,,,,,,,,,,,,,,,,,,,
503,504,,,,,,,,,,,,,,,,,,,,,,,,,,,,
504,505,,,,,,,,1,,,,,,,,,,,,,,,,,,,,
505,506,,,,,,,,,,,,,,,,,,1,,,,,,,,,,
506,507,,,,,,,,,,,,,,,,,,1,,,,,,,,,,
507,508,,,,,,,,,,,,,,,,,,,,,,,,,,,,
508,509,,,,,,,,,,,,,,,,,,,,,,,,,,,,
509,510,,,,,,,,,,,,,,,,,,,,,,,,,,,,
510,511,,,,,,,,,,,,,,,,,,1,,,,,,,,,,
511,512,,,,,,,,1,,,,,,,,,,,,,,,,,,,,
512,513,,,,,,1,,,,,,,,,,,,,,,,,,,,,,
513,514,,,,,,,,,,,,,,,,,,,,,,,,,,,,
514,515,,,,,,,,,,,,,,,,,,,,,,,,,,,,
515,516,,,,,,1,,,,,,,,,,,,,,,,,,,,,,
516,517,,,,,,,,,,,,,,,,,,,,1,,,,,,,,
517,518,,,,,,,,,,,,,,,,,,,,,,,,,,,,
518,519,,,,,,,,,,,,,,,,,,,,1,,,,,,,,
519,520,,,,,,,,1,,,,,,,,,,,,,,,,,,,,
520,521,,,,,,,,,,,,,,,,,,,,,,,,,,,,
521,522,,,,,,,,,,,,,,,,,,,,,,,,,,,,
522,523,,,,,,,,,,,,,,,,,,,,,,,,,,,,
523,524,,,,,,,,,,,,,,,,,,,,,,,,,,,,
524,525,,,,,,,,,,,,,,,,,,,,,,,,,,,,
525,526,,,,,,,,1,,,,,,,,,,,,,,,,,,,,
526,527,,,,,,1,,,,,,,,,,,,,,,,,,,,,,
527,528,,,,,,,,,,,,,,,,,,,,,,,,,,,,
528,529,,,,,,,,,,,,,,,,,,,,,,,,,,,,
529,530,,,,,,,,,,,,,,,,,,,,,,,,,,,,
530,531,,,,,,,,1,,,,,,,,,,,,,,,,,,,,
531,532,,,,,,,,,,,,,,,,,,,,,,,,,,,,
532,533,,,,,,,,,,,,,,,,,,,,,,,,,,,,
533,534,,,,,,,,,,,,,,,,,,,,,,,,,,,,
534,535,,,,,,,,,,,,,,,,,,,,,,,,,,,,
535,536,,,,,,,,,,,,,,,,,,1,,,,,,,,,,
536,537,,,,,,,,1,,,,,,,,,,,,,,,,,,,,
537,538,,,,,,,,,,,,,,,,,,,,,,,,,,,,
538,539,,,,,,,,1,,,,,,,,,,,,,,,,,,,,
539,540,,,,,,1,,,,,,,,,,,,,,,,,,,,,,
540,541,,,,,,,,,,,,,,,,,,,,,,,,,,,,
541,542,,,,,,,,,,,,,,,,,,,,,,,,,,,,
542,543,,,,,,,,,,,,,,,,,,1,,,,,,,,,,
543,544,,,,,,,,1,,,,,,,,,,,,,,,,,,,,
544,545,,,,,,,,1,,,,,,,,,,,,,,,,,,,,
545,546,,,,,,,,1,,,,,,,,,,,,,,,,,,,,
546,547,,,,,,,,1,,,,,,,,,,,,,,,,,,,,
547,548,,,,,,,,,,,,,,,,,,,,,,,,,,,,
548,549,,,,,,,,1,,,,,,,,,,,,,,,,,,,,
549,550,,,,,,,,,,,,,,,,,,1,,,,,,,,,,
550,551,,,,,,,,,,,,,,,,,,,,,,,,,,,,
551,552,,,,,,,,,,,,,,,,,,,,,,,,,,,,
552,553,,,,,,,,1,,,,,,,,,,,,,,,,,,,,
553,554,,,,,,,,,,,,,,,,,,,,,,,,,,,,
554,555,,,,,,,,,,,,,,,,,,1,,,,,,,,,,
555,556,,,,,,,,,,,,,,,,,,,,,,,,,,,,
556,557,,,,,,,,,,,,,,,,,,,,,,,,,,,,
557,558,,,,,,,,,,,,,,,,,,,,,,,,,,,,
558,559,,,,,,,,,,,,,,,,,,1,,,,,,,,,,
559,560,,,,,,,,,,,,,,,,,,1,,,,,,,,,,
560,561,,,,,,,,,,,,,,,,,,,,,,,,,,,,
561,562,,,,,,1,,,,,,,,,,,,,,,,,,,,,,
562,563,,,,,,,,,,,,,,,,,,,,,,,,,,,,
563,564,,,,,,,,,,,,,,,,,,1,,,,,,,,,,
564,565,,,,,,,,,,,,,,,,,,1,,,,,,,,,,
565,566,,,,,,,,,,,,,,,,,,,,,,,,,,,,
566,567,,,,,,,,,,,,,,,,,,,,,,,,,,,,
567,568,,,,,,,,,,,,,,,,,,,,,,,,,,,,
568,569,,,,,,,,,,,,,,,,,,,,,,,,,,,,
569,570,,,,,,,,,,,,,,,,,,,,,,,,,,,,
570,571,,,,,,,,,,,,,,,,,,1,,,,,,,,,,
571,572,,,,,,,,,,,,,,,,,,1,,,,,,,,,,
572,573,,,,,,,,,,,,,,,,,,,,,,,,,,,,
573,574,,,,,,,,,,,,,,,,,,,,,,,,,,,,
574,575,,,,,,,,,,,,,,,,,,1,,,,,,,,,,
575,576,,,,,,,,1,,,,,,,,,,,,,,,,,,,,
576,577,,,,,,,,,,,,,,,,,,,,,,,,,,,,
577,578,,,,,,,,,,,,,,,,,,1,,,,,,,,,,
578,579,,,,,,,,,,,,,,,,,,1,,,,,,,,,,
579,580,,,,,,,,1,,,,,,,,,,,,,,,,,,,,
580,581,,,,,,,,,,,,,,,,,,,,,,,,,,,,
581,582,,,,,,,,,,,,,,,,,,,,,,,,,,,,
582,583,,,,,,,,,,,,,,,,,,,,,,,,,,,,
583,584,,,,,,1,,,,,,,,,,,,,,,,,,,,,,
584,585,,,,,,,,,,,,,,,,,,,,,,,,,,,,
585,586,,,,,,,,,,,,,,,,,,,,,,,,,,,,
586,587,,,,,,,,,,,,,,,,,,,,,,,,,,,,
587,588,,,,,,,,,,,,,,,,,,,,,,,,,,,,
588,589,,,,,,,,,,,,,,,,,,,,,,,,,,,,
589,590,,,,,,1,,,,,,,,,,,,,,,,,,,,,,
590,591,,,,,,,,,,,,,,,,,,,,,,,,,,,,
591,592,,,,,,,,,,,,,,,,,,,,,,,,,,,,
592,593,,,,,,,,,,,,,,,,,,,,,,,,,,,,
593,594,,,,,,,,,,,,,,,,,,,,,,,,,,,,
594,595,,,,,,1,,,,,,,,,,,,,,,,,,,,,,
595,596,,,,,,,,,,,,,,,,,,,,1,,,,,,,,
596,597,,,,,,,,1,,,,,,,,,,,,,,,,,,,,
597,598,,,,,,,,,,,,,,,,,,,,,,,,,,,,
598,599,,,,,,,,,,,,,,,,,,,,,,,,,,,,
599,600,,,,,,,,1,,,,,,,,,,,,,,,,,,,,
600,601,,,,,,,,,,,,,,,,,,,,,,,,,,,,
601,602,,,,,,,,,,,,,,,,,,,,,,,,,,,,
602,603,,,,,,,,,,,,,,,,,,,,,,,,,,,,
603,604,,,,,,,,,,,,,,,,,,,,,,,,,,,,
604,605,,,,,,,,,,,,,,,,,,,,,,,,,,,,
605,606,,,,,,,,1,,,,,,,,,,,,,,,,,,,,
606,607,,,,,,,,1,,,,,,,,,,,,,,,,,,,,
607,608,,,,,,,,,,,,,,,,,,,,,,,,,,,,
608,609,,,,,,,,1,,,,,,,,,,,,,,,,,,,,
609,610,,,,,,1,,,,,,,,,,,,,,,,,,,,,,
610,611,,,,,,1,,,,,,,,,,,,,,,,,,,,,,
611,612,,,,,,,,,,,,,,,,,,,,,,,,,,,,
612,613,,,,,,,,1,,,,,,,,,,,,,,,,,,,,
613,614,,,,,,,,,,,,,,,,,,,,,,,,,,,,
614,615,,,,,,,,,,,,,,,,,,1,,,,,,,,,,
